post_id,pattern_name,posted_at,slot_hour,day_name,first_line,elapsed_hours,views,likes,replies,reposts,auto_replies,er_pct,velocity_views_per_hour,snapshot_at
verify-retry-20260329151219,,2026-03-29T15:12:19.371535+09:00,15,日,春分を過ぎた今夜✨,61,219,21,0,0,0,9.59,3.6,2026-04-01T05:00:46.366302+09:00
verify-retry-20260329191217,,2026-03-29T19:12:17.850722+09:00,19,日,🌙 牡羊座さんへ,57,73,4,0,0,0,5.48,1.3,2026-04-01T05:00:46.366302+09:00
verify-retry-20260329204216,,2026-03-29T20:42:16.108146+09:00,20,日,ここ数日、なんか,56,128,3,27,0,0,23.44,2.3,2026-04-01T05:00:46.366302+09:00
verify-retry-20260330091216,,2026-03-30T09:12:16.762871+09:00,9,月,12星座中、今週最も運が開く星座。,43,29,4,2,0,0,20.69,0.7,2026-04-01T05:00:46.366302+09:00
verify-retry-20260330121218,,2026-03-30T12:12:18.763885+09:00,12,月,月が双子座に移ります✨,40,176,10,0,0,0,5.68,4.4,2026-04-01T05:00:46.366302+09:00
post_20260330_th_004,自由型_仕事運注意喚起,2026-03-31T07:07:21.881189+09:00,7,火,来週、仕事で,21,50,8,1,0,0,18.0,2.4,2026-04-01T05:00:46.366302+09:00
post_20260330_th_005,自由型_恋愛深掘り,2026-03-31T09:07:20.735442+09:00,9,火,恋愛について、,19,138,2,0,0,0,1.45,7.3,2026-04-01T05:00:46.366302+09:00
post_20260330_th_006,自由型_水星逆行対策,2026-03-31T10:37:23.070412+09:00,10,火,水星逆行が,18,97,1,0,0,0,1.03,5.4,2026-04-01T05:00:46.366302+09:00
post_20260330_th_007,構造B_ランキング型_総合運TOP5,2026-03-31T12:07:19.265884+09:00,12,火,【今週の星座ランキング】,16,92,12,0,0,0,13.04,5.8,2026-04-01T05:00:46.366302+09:00
post_20260331_1207_th_001,構造C_共感型_仕事運,2026-03-31T15:07:19.532258+09:00,15,火,最近、仕事で判断を迷う,13,23,1,0,0,0,4.35,1.8,2026-04-01T05:00:46.366302+09:00
post_20260331_1207_th_004,自由型_総合運メッセージ,2026-03-31T17:13:40.784035+09:00,17,火,新しい月が始まる時、,11,20,1,0,0,0,5.0,1.8,2026-04-01T05:00:46.366302+09:00
verify-retry-20260331191217,,2026-03-31T19:12:17.675190+09:00,19,火,来週、仕事で気をつけた方がいい星座。,9,39,2,2,0,0,10.26,4.3,2026-04-01T05:00:46.366302+09:00
post_20260331_2039_exp_008,構造D_予告型（今夜の重要発表予告）,2026-03-31T20:39:31.587044+09:00,20,火,今夜、12星座の中で最も,8,64,9,0,0,0,14.06,8.0,2026-04-01T05:00:46.366302+09:00
verify-retry-20260329151219,,2026-03-29T15:12:19.371535+09:00,15,日,春分を過ぎた今夜✨,63,219,21,0,0,0,9.59,0.0,2026-04-01T07:06:09.073537+09:00
verify-retry-20260329191217,,2026-03-29T19:12:17.850722+09:00,19,日,🌙 牡羊座さんへ,59,73,4,0,0,0,5.48,0.0,2026-04-01T07:06:09.073537+09:00
verify-retry-20260329204216,,2026-03-29T20:42:16.108146+09:00,20,日,ここ数日、なんか,58,128,3,27,0,0,23.44,0.0,2026-04-01T07:06:09.073537+09:00
verify-retry-20260330091216,,2026-03-30T09:12:16.762871+09:00,9,月,12星座中、今週最も運が開く星座。,45,29,4,2,0,0,20.69,0.0,2026-04-01T07:06:09.073537+09:00
verify-retry-20260330121218,,2026-03-30T12:12:18.763885+09:00,12,月,月が双子座に移ります✨,42,176,10,0,0,0,5.68,0.0,2026-04-01T07:06:09.073537+09:00
post_20260330_th_004,自由型_仕事運注意喚起,2026-03-31T07:07:21.881189+09:00,7,火,来週、仕事で,23,50,8,2,0,0,20.0,0.0,2026-04-01T07:06:09.073537+09:00
post_20260330_th_005,自由型_恋愛深掘り,2026-03-31T09:07:20.735442+09:00,9,火,恋愛について、,21,138,2,0,0,0,1.45,0.0,2026-04-01T07:06:09.073537+09:00
post_20260330_th_006,自由型_水星逆行対策,2026-03-31T10:37:23.070412+09:00,10,火,水星逆行が,20,98,1,0,0,0,1.02,0.5,2026-04-01T07:06:09.073537+09:00
post_20260330_th_007,構造B_ランキング型_総合運TOP5,2026-03-31T12:07:19.265884+09:00,12,火,【今週の星座ランキング】,18,92,12,0,0,0,13.04,0.0,2026-04-01T07:06:09.073537+09:00
post_20260331_1207_th_001,構造C_共感型_仕事運,2026-03-31T15:07:19.532258+09:00,15,火,最近、仕事で判断を迷う,15,23,1,0,0,0,4.35,0.0,2026-04-01T07:06:09.073537+09:00
post_20260331_1207_th_004,自由型_総合運メッセージ,2026-03-31T17:13:40.784035+09:00,17,火,新しい月が始まる時、,13,21,1,0,0,0,4.76,0.5,2026-04-01T07:06:09.073537+09:00
verify-retry-20260331191217,,2026-03-31T19:12:17.675190+09:00,19,火,来週、仕事で気をつけた方がいい星座。,11,39,2,2,0,0,10.26,0.0,2026-04-01T07:06:09.073537+09:00
post_20260331_2039_exp_008,構造D_予告型（今夜の重要発表予告）,2026-03-31T20:39:31.587044+09:00,20,火,今夜、12星座の中で最も,10,64,9,0,0,0,14.06,0.0,2026-04-01T07:06:09.073537+09:00
verify-retry-20260329151219,,2026-03-29T15:12:19.371535+09:00,15,日,春分を過ぎた今夜✨,65,219,21,0,0,0,9.59,0.0,2026-04-01T09:01:24.379689+09:00
verify-retry-20260329191217,,2026-03-29T19:12:17.850722+09:00,19,日,🌙 牡羊座さんへ,61,73,4,0,0,0,5.48,0.0,2026-04-01T09:01:24.379689+09:00
verify-retry-20260329204216,,2026-03-29T20:42:16.108146+09:00,20,日,ここ数日、なんか,60,128,3,27,0,0,23.44,0.0,2026-04-01T09:01:24.379689+09:00
verify-retry-20260330091216,,2026-03-30T09:12:16.762871+09:00,9,月,12星座中、今週最も運が開く星座。,47,29,4,2,0,0,20.69,0.0,2026-04-01T09:01:24.379689+09:00
verify-retry-20260330121218,,2026-03-30T12:12:18.763885+09:00,12,月,月が双子座に移ります✨,44,176,10,0,0,0,5.68,0.0,2026-04-01T09:01:24.379689+09:00
post_20260330_th_004,自由型_仕事運注意喚起,2026-03-31T07:07:21.881189+09:00,7,火,来週、仕事で,25,50,8,2,0,0,20.0,0.0,2026-04-01T09:01:24.379689+09:00
post_20260330_th_005,自由型_恋愛深掘り,2026-03-31T09:07:20.735442+09:00,9,火,恋愛について、,23,138,2,0,0,0,1.45,0.0,2026-04-01T09:01:24.379689+09:00
post_20260330_th_006,自由型_水星逆行対策,2026-03-31T10:37:23.070412+09:00,10,火,水星逆行が,22,98,1,0,0,0,1.02,0.0,2026-04-01T09:01:24.379689+09:00
post_20260330_th_007,構造B_ランキング型_総合運TOP5,2026-03-31T12:07:19.265884+09:00,12,火,【今週の星座ランキング】,20,95,12,0,0,0,12.63,1.5,2026-04-01T09:01:24.379689+09:00
post_20260331_1207_th_001,構造C_共感型_仕事運,2026-03-31T15:07:19.532258+09:00,15,火,最近、仕事で判断を迷う,17,23,1,0,0,0,4.35,0.0,2026-04-01T09:01:24.379689+09:00
post_20260331_1207_th_004,自由型_総合運メッセージ,2026-03-31T17:13:40.784035+09:00,17,火,新しい月が始まる時、,15,21,1,0,0,0,4.76,0.0,2026-04-01T09:01:24.379689+09:00
verify-retry-20260331191217,,2026-03-31T19:12:17.675190+09:00,19,火,来週、仕事で気をつけた方がいい星座。,13,39,2,2,0,0,10.26,0.0,2026-04-01T09:01:24.379689+09:00
post_20260331_2039_exp_008,構造D_予告型（今夜の重要発表予告）,2026-03-31T20:39:31.587044+09:00,20,火,今夜、12星座の中で最も,12,64,9,0,0,0,14.06,0.0,2026-04-01T09:01:24.379689+09:00
post_20260331_2224_exp_001,構造G_注意喚起+限定型（今日・今週の仕事運警告）,2026-04-01T07:07:20.915351+09:00,7,水,今週後半、仕事で判断ミスが起きやすい星座。,1,53,2,0,0,0,3.77,53.0,2026-04-01T09:01:24.379689+09:00
post_20260330_th_004,自由型_仕事運注意喚起,2026-03-31T07:07:21.881189+09:00,7,火,来週、仕事で,60,50,8,2,0,0,20.0,0.0,2026-04-02T19:31:23.383891+09:00
post_20260330_th_005,自由型_恋愛深掘り,2026-03-31T09:07:20.735442+09:00,9,火,恋愛について、,58,138,2,0,0,0,1.45,0.0,2026-04-02T19:31:23.383891+09:00
post_20260330_th_006,自由型_水星逆行対策,2026-03-31T10:37:23.070412+09:00,10,火,水星逆行が,56,99,1,0,0,0,1.01,0.0,2026-04-02T19:31:23.383891+09:00
post_20260330_th_007,構造B_ランキング型_総合運TOP5,2026-03-31T12:07:19.265884+09:00,12,火,【今週の星座ランキング】,55,101,14,0,0,0,13.86,0.2,2026-04-02T19:31:23.383891+09:00
post_20260331_1207_th_001,構造C_共感型_仕事運,2026-03-31T15:07:19.532258+09:00,15,火,最近、仕事で判断を迷う,52,25,1,0,0,0,4.0,0.1,2026-04-02T19:31:23.383891+09:00
post_20260331_1207_th_004,自由型_総合運メッセージ,2026-03-31T17:13:40.784035+09:00,17,火,新しい月が始まる時、,50,24,0,0,0,0,0.0,0.1,2026-04-02T19:31:23.383891+09:00
verify-retry-20260331191217,,2026-03-31T19:12:17.675190+09:00,19,火,来週、仕事で気をつけた方がいい星座。,48,44,2,2,0,0,9.09,0.1,2026-04-02T19:31:23.383891+09:00
post_20260331_2039_exp_008,構造D_予告型（今夜の重要発表予告）,2026-03-31T20:39:31.587044+09:00,20,火,今夜、12星座の中で最も,46,78,11,0,0,0,14.1,0.4,2026-04-02T19:31:23.383891+09:00
post_20260331_2224_exp_001,構造G_注意喚起+限定型（今日・今週の仕事運警告）,2026-04-01T07:07:20.915351+09:00,7,水,今週後半、仕事で判断ミスが起きやすい星座。,36,66,2,0,0,0,3.03,0.4,2026-04-02T19:31:23.383891+09:00
post_20260401_0907_th_001,構造C_天文イベント×質問型,2026-04-01T09:07:38.032394+09:00,9,水,ここ数日、なんか,34,24,2,0,0,0,8.33,0.7,2026-04-02T19:31:23.383891+09:00
post_20260401_1037_th_001,構造自由_共感質問型,2026-04-01T12:07:20.100286+09:00,12,水,春の季節の変わり目って、,31,52,1,0,0,0,1.92,1.7,2026-04-02T19:31:23.383891+09:00
post_20260401_1208_th_001,構造自由_共感×深掘り質問型,2026-04-01T15:07:21.550619+09:00,15,水,新しい季節、何か,28,27,0,0,0,0,0.0,1.0,2026-04-02T19:31:23.383891+09:00
verify-retry-20260402091217,,2026-04-02T09:12:17.700725+09:00,9,木,最近、恋愛で,10,33,0,0,0,0,0.0,3.3,2026-04-02T19:31:23.383891+09:00
post_20260402_1207_th_001,深掘り共感型_春の転機,2026-04-02T12:07:39.402223+09:00,12,木,春の星の動きを見ていて,7,31,2,0,0,0,6.45,4.4,2026-04-02T19:31:23.383891+09:00
post_20260402_1208_th_001,共感×質問型・春の新しい流れ,2026-04-02T13:07:23.425338+09:00,13,木,4月に入って、何か,6,22,3,0,0,0,13.64,3.7,2026-04-02T19:31:23.383891+09:00
post_20260402_1507_th_001,構造C_天文イベント×質問型（新月パワー）,2026-04-02T15:07:43.074257+09:00,15,木,4月中旬の新月、,4,22,2,0,0,0,9.09,5.5,2026-04-02T19:31:23.383891+09:00
verify-retry-20260402191221,,2026-04-02T19:12:21.244135+09:00,19,木,明日は新月🌑,0,0,0,0,0,0,0,0.0,2026-04-02T19:31:23.383891+09:00
post_20260330_th_004,自由型_仕事運注意喚起,2026-03-31T07:07:21.881189+09:00,7,火,来週、仕事で,61,50,8,2,0,0,20.0,0.0,2026-04-02T20:09:09.921050+09:00
post_20260330_th_005,自由型_恋愛深掘り,2026-03-31T09:07:20.735442+09:00,9,火,恋愛について、,59,138,2,0,0,0,1.45,0.0,2026-04-02T20:09:09.921050+09:00
post_20260330_th_006,自由型_水星逆行対策,2026-03-31T10:37:23.070412+09:00,10,火,水星逆行が,57,99,1,0,0,0,1.01,0.0,2026-04-02T20:09:09.921050+09:00
post_20260330_th_007,構造B_ランキング型_総合運TOP5,2026-03-31T12:07:19.265884+09:00,12,火,【今週の星座ランキング】,56,101,14,0,0,0,13.86,0.0,2026-04-02T20:09:09.921050+09:00
post_20260331_1207_th_001,構造C_共感型_仕事運,2026-03-31T15:07:19.532258+09:00,15,火,最近、仕事で判断を迷う,53,25,1,0,0,0,4.0,0.0,2026-04-02T20:09:09.921050+09:00
post_20260331_2039_exp_008,構造D_予告型（今夜の重要発表予告）,2026-03-31T20:39:31.587044+09:00,20,火,今夜、12星座の中で最も,47,78,11,0,0,0,14.1,0.0,2026-04-02T20:09:09.921050+09:00
post_20260402_1207_th_001,深掘り共感型_春の転機,2026-04-02T12:07:39.402223+09:00,12,木,春の星の動きを見ていて,8,31,2,0,0,0,6.45,0.0,2026-04-02T20:09:09.921050+09:00
post_20260402_1208_th_001,共感×質問型・春の新しい流れ,2026-04-02T13:07:23.425338+09:00,13,木,4月に入って、何か,7,24,3,0,0,0,12.5,2.0,2026-04-02T20:09:09.921050+09:00
post_20260402_1507_th_001,構造C_天文イベント×質問型（新月パワー）,2026-04-02T15:07:43.074257+09:00,15,木,4月中旬の新月、,5,22,2,0,0,0,9.09,0.0,2026-04-02T20:09:09.921050+09:00
post_20260330_th_006,自由型_水星逆行対策,2026-03-31T10:37:23.070412+09:00,10,火,水星逆行が,58,99,1,0,0,0,1.01,0.0,2026-04-02T20:59:56.905009+09:00
verify-retry-20260331191217,,2026-03-31T19:12:17.675190+09:00,19,火,来週、仕事で気をつけた方がいい星座。,49,44,2,2,0,0,9.09,0.0,2026-04-02T20:59:56.905009+09:00
post_20260331_2039_exp_008,構造D_予告型（今夜の重要発表予告）,2026-03-31T20:39:31.587044+09:00,20,火,今夜、12星座の中で最も,48,78,11,0,0,0,14.1,0.0,2026-04-02T20:59:56.905009+09:00
verify-retry-20260402191221,,2026-04-02T19:12:21.244135+09:00,19,木,明日は新月🌑,1,10,1,0,0,0,10.0,10.0,2026-04-02T20:59:56.905009+09:00
verify-retry-20260402204216,,2026-04-02T20:42:16.315258+09:00,20,木,今週後半、気をつけた方がいい星座。,0,0,2,0,0,0,0,0.0,2026-04-02T20:59:56.905009+09:00
post_20260330_th_004,自由型_仕事運注意喚起,2026-03-31T07:07:21.881189+09:00,7,火,来週、仕事で,65,50,8,2,0,0,20.0,0.0,2026-04-03T00:45:13.160974+09:00
post_20260330_th_005,自由型_恋愛深掘り,2026-03-31T09:07:20.735442+09:00,9,火,恋愛について、,63,138,2,0,0,0,1.45,0.0,2026-04-03T00:45:13.160974+09:00
post_20260330_th_007,構造B_ランキング型_総合運TOP5,2026-03-31T12:07:19.265884+09:00,12,火,【今週の星座ランキング】,60,101,14,0,0,0,13.86,0.0,2026-04-03T00:45:13.160974+09:00
verify-retry-20260331191217,,2026-03-31T19:12:17.675190+09:00,19,火,来週、仕事で気をつけた方がいい星座。,53,44,2,2,0,0,9.09,0.0,2026-04-03T00:45:13.160974+09:00
post_20260331_2039_exp_008,構造D_予告型（今夜の重要発表予告）,2026-03-31T20:39:31.587044+09:00,20,火,今夜、12星座の中で最も,52,78,11,0,0,0,14.1,0.0,2026-04-03T00:45:13.160974+09:00
post_20260402_1207_th_001,深掘り共感型_春の転機,2026-04-02T12:07:39.402223+09:00,12,木,春の星の動きを見ていて,12,32,2,0,0,0,6.25,0.2,2026-04-03T00:45:13.160974+09:00
post_20260402_1208_th_001,共感×質問型・春の新しい流れ,2026-04-02T13:07:23.425338+09:00,13,木,4月に入って、何か,11,26,4,0,0,0,15.38,0.5,2026-04-03T00:45:13.160974+09:00
post_20260402_1507_th_001,構造C_天文イベント×質問型（新月パワー）,2026-04-02T15:07:43.074257+09:00,15,木,4月中旬の新月、,9,25,2,0,0,0,8.0,0.8,2026-04-03T00:45:13.160974+09:00
verify-retry-20260402191221,,2026-04-02T19:12:21.244135+09:00,19,木,明日は新月🌑,5,11,1,0,0,0,9.09,0.2,2026-04-03T00:45:13.160974+09:00
verify-retry-20260402204216,,2026-04-02T20:42:16.315258+09:00,20,木,今週後半、気をつけた方がいい星座。,4,42,6,0,0,0,14.29,10.5,2026-04-03T00:45:13.160974+09:00
verify-retry-20260402214216,,2026-04-02T21:42:16.247419+09:00,21,木,明日4月3日は新月ですね🌙✨,3,111,1,0,0,0,0.9,37.0,2026-04-03T00:45:13.160974+09:00
post_20260330_th_004,自由型_仕事運注意喚起,2026-03-31T07:07:21.881189+09:00,7,火,来週、仕事で,69,50,8,2,0,0,20.0,0.0,2026-04-03T04:37:01.974483+09:00
post_20260330_th_005,自由型_恋愛深掘り,2026-03-31T09:07:20.735442+09:00,9,火,恋愛について、,67,138,2,0,0,0,1.45,0.0,2026-04-03T04:37:01.974483+09:00
post_20260330_th_007,構造B_ランキング型_総合運TOP5,2026-03-31T12:07:19.265884+09:00,12,火,【今週の星座ランキング】,64,101,14,0,0,0,13.86,0.0,2026-04-03T04:37:01.974483+09:00
verify-retry-20260331191217,,2026-03-31T19:12:17.675190+09:00,19,火,来週、仕事で気をつけた方がいい星座。,57,44,2,2,0,0,9.09,0.0,2026-04-03T04:37:01.974483+09:00
post_20260331_2039_exp_008,構造D_予告型（今夜の重要発表予告）,2026-03-31T20:39:31.587044+09:00,20,火,今夜、12星座の中で最も,55,78,11,0,0,0,14.1,0.0,2026-04-03T04:37:01.974483+09:00
post_20260402_1507_th_001,構造C_天文イベント×質問型（新月パワー）,2026-04-02T15:07:43.074257+09:00,15,木,4月中旬の新月、,13,25,2,0,0,0,8.0,0.0,2026-04-03T04:37:01.974483+09:00
verify-retry-20260402191221,,2026-04-02T19:12:21.244135+09:00,19,木,明日は新月🌑,9,12,1,0,0,0,8.33,0.2,2026-04-03T04:37:01.974483+09:00
verify-retry-20260402204216,,2026-04-02T20:42:16.315258+09:00,20,木,今週後半、気をつけた方がいい星座。,7,43,6,0,0,0,13.95,0.3,2026-04-03T04:37:01.974483+09:00
verify-retry-20260402214216,,2026-04-02T21:42:16.247419+09:00,21,木,明日4月3日は新月ですね🌙✨,6,112,1,0,0,0,0.89,0.3,2026-04-03T04:37:01.974483+09:00
post_20260330_th_004,自由型_仕事運注意喚起,2026-03-31T07:07:21.881189+09:00,7,火,来週、仕事で,71,50,8,2,0,0,20.0,0.0,2026-04-03T07:04:36.575541+09:00
post_20260330_th_005,自由型_恋愛深掘り,2026-03-31T09:07:20.735442+09:00,9,火,恋愛について、,69,138,2,0,0,0,1.45,0.0,2026-04-03T07:04:36.575541+09:00
post_20260330_th_007,構造B_ランキング型_総合運TOP5,2026-03-31T12:07:19.265884+09:00,12,火,【今週の星座ランキング】,66,101,14,0,0,0,13.86,0.0,2026-04-03T07:04:36.575541+09:00
verify-retry-20260331191217,,2026-03-31T19:12:17.675190+09:00,19,火,来週、仕事で気をつけた方がいい星座。,59,44,2,2,0,0,9.09,0.0,2026-04-03T07:04:36.575541+09:00
post_20260331_2039_exp_008,構造D_予告型（今夜の重要発表予告）,2026-03-31T20:39:31.587044+09:00,20,火,今夜、12星座の中で最も,58,78,11,0,0,0,14.1,0.0,2026-04-03T07:04:36.575541+09:00
post_20260402_1507_th_001,構造C_天文イベント×質問型（新月パワー）,2026-04-02T15:07:43.074257+09:00,15,木,4月中旬の新月、,15,25,2,0,0,0,8.0,0.0,2026-04-03T07:04:36.575541+09:00
verify-retry-20260402191221,,2026-04-02T19:12:21.244135+09:00,19,木,明日は新月🌑,11,12,1,0,0,0,8.33,0.0,2026-04-03T07:04:36.575541+09:00
verify-retry-20260402204216,,2026-04-02T20:42:16.315258+09:00,20,木,今週後半、気をつけた方がいい星座。,10,43,6,0,0,0,13.95,0.0,2026-04-03T07:04:36.575541+09:00
verify-retry-20260402214216,,2026-04-02T21:42:16.247419+09:00,21,木,明日4月3日は新月ですね🌙✨,9,112,1,0,0,0,0.89,0.0,2026-04-03T07:04:36.575541+09:00
post_20260330_th_005,自由型_恋愛深掘り,2026-03-31T09:07:20.735442+09:00,9,火,恋愛について、,71,139,2,0,0,0,1.44,0.5,2026-04-03T09:01:37.761136+09:00
post_20260330_th_007,構造B_ランキング型_総合運TOP5,2026-03-31T12:07:19.265884+09:00,12,火,【今週の星座ランキング】,68,102,14,0,0,0,13.73,0.5,2026-04-03T09:01:37.761136+09:00
verify-retry-20260331191217,,2026-03-31T19:12:17.675190+09:00,19,火,来週、仕事で気をつけた方がいい星座。,61,45,2,2,0,0,8.89,0.5,2026-04-03T09:01:37.761136+09:00
post_20260331_2039_exp_008,構造D_予告型（今夜の重要発表予告）,2026-03-31T20:39:31.587044+09:00,20,火,今夜、12星座の中で最も,60,79,11,0,0,0,13.92,0.5,2026-04-03T09:01:37.761136+09:00
verify-retry-20260402204216,,2026-04-02T20:42:16.315258+09:00,20,木,今週後半、気をつけた方がいい星座。,12,44,6,0,0,0,13.64,0.5,2026-04-03T09:01:37.761136+09:00
verify-retry-20260402214216,,2026-04-02T21:42:16.247419+09:00,21,木,明日4月3日は新月ですね🌙✨,11,113,1,0,0,0,0.88,0.5,2026-04-03T09:01:37.761136+09:00
verify-retry-20260331191217,,2026-03-31T19:12:17.675190+09:00,19,火,来週、仕事で気をつけた方がいい星座。,67,45,2,2,0,0,8.89,0.0,2026-04-03T14:56:20.804021+09:00
post_20260331_2039_exp_008,構造D_予告型（今夜の重要発表予告）,2026-03-31T20:39:31.587044+09:00,20,火,今夜、12星座の中で最も,66,81,11,0,0,0,13.58,0.3,2026-04-03T14:56:20.804021+09:00
verify-retry-20260402214216,,2026-04-02T21:42:16.247419+09:00,21,木,明日4月3日は新月ですね🌙✨,17,115,1,0,0,0,0.87,0.3,2026-04-03T14:56:20.804021+09:00
post_20260403_1007_th_002,構造G_注意喚起+限定型②,2026-04-03T10:07:46.032397+09:00,10,金,今月後半、急に動く星座。,4,487,50,5,0,0,11.29,121.8,2026-04-03T14:56:20.804021+09:00
verify-retry-20260403104218,,2026-04-03T10:42:18.253631+09:00,10,金,明日4月4日、,4,12,0,0,0,0,0.0,3.0,2026-04-03T14:56:20.804021+09:00
verify-retry-20260331191217,,2026-03-31T19:12:17.675190+09:00,19,火,来週、仕事で気をつけた方がいい星座。,71,45,2,2,0,0,8.89,0.0,2026-04-03T18:40:06.089333+09:00
post_20260331_2039_exp_008,構造D_予告型（今夜の重要発表予告）,2026-03-31T20:39:31.587044+09:00,20,火,今夜、12星座の中で最も,70,81,11,0,0,0,13.58,0.0,2026-04-03T18:40:06.089333+09:00
verify-retry-20260402214216,,2026-04-02T21:42:16.247419+09:00,21,木,明日4月3日は新月ですね🌙✨,20,115,1,0,0,0,0.87,0.0,2026-04-03T18:40:06.089333+09:00
post_20260403_1007_th_002,構造G_注意喚起+限定型②,2026-04-03T10:07:46.032397+09:00,10,金,今月後半、急に動く星座。,8,708,74,5,0,0,11.16,55.2,2026-04-03T18:40:06.089333+09:00
verify-retry-20260403104218,,2026-04-03T10:42:18.253631+09:00,10,金,明日4月4日、,7,12,0,0,0,0,0.0,0.0,2026-04-03T18:40:06.089333+09:00
verify-retry-20260403151220,,2026-04-03T15:12:20.298638+09:00,15,金,明日4月4日、,3,140,5,4,0,0,6.43,46.7,2026-04-03T18:40:06.089333+09:00
verify-retry-20260402214216,,2026-04-02T21:42:16.247419+09:00,21,木,明日4月3日は新月ですね🌙✨,23,115,1,0,0,0,0.87,0.0,2026-04-03T21:03:15.040333+09:00
post_20260403_1007_th_002,構造G_注意喚起+限定型②,2026-04-03T10:07:46.032397+09:00,10,金,今月後半、急に動く星座。,10,858,89,5,0,0,10.96,75.0,2026-04-03T21:03:15.040333+09:00
verify-retry-20260403104218,,2026-04-03T10:42:18.253631+09:00,10,金,明日4月4日、,10,13,1,0,0,0,7.69,0.3,2026-04-03T21:03:15.040333+09:00
verify-retry-20260403151220,,2026-04-03T15:12:20.298638+09:00,15,金,明日4月4日、,5,143,5,4,0,0,6.29,1.5,2026-04-03T21:03:15.040333+09:00
verify-retry-20260403191218,,2026-04-03T19:12:18.858819+09:00,19,金,4月中旬、恋愛で思わぬ幸運が訪れる星座。,1,5,0,0,0,0,0.0,5.0,2026-04-03T21:03:15.040333+09:00
verify-retry-20260402214216,,2026-04-02T21:42:16.247419+09:00,21,木,明日4月3日は新月ですね🌙✨,26,118,1,0,0,0,0.85,1.0,2026-04-04T00:05:26.112560+09:00
post_20260403_1007_th_002,構造G_注意喚起+限定型②,2026-04-03T10:07:46.032397+09:00,10,金,今月後半、急に動く星座。,13,1269,121,5,0,0,9.93,137.0,2026-04-04T00:05:26.112560+09:00
verify-retry-20260403104218,,2026-04-03T10:42:18.253631+09:00,10,金,明日4月4日、,13,18,1,0,0,0,5.56,1.7,2026-04-04T00:05:26.112560+09:00
verify-retry-20260403151220,,2026-04-03T15:12:20.298638+09:00,15,金,明日4月4日、,8,148,5,4,0,0,6.08,1.7,2026-04-04T00:05:26.112560+09:00
verify-retry-20260403214217,,2026-04-03T21:42:17.252216+09:00,21,金,今週後半、,2,36,4,0,0,0,11.11,18.0,2026-04-04T00:05:26.112560+09:00
verify-retry-20260402214216,,2026-04-02T21:42:16.247419+09:00,21,木,明日4月3日は新月ですね🌙✨,28,118,1,0,0,0,0.85,0.0,2026-04-04T02:06:22.131358+09:00
post_20260403_1007_th_002,構造G_注意喚起+限定型②,2026-04-03T10:07:46.032397+09:00,10,金,今月後半、急に動く星座。,15,1365,134,5,0,0,10.18,48.0,2026-04-04T02:06:22.131358+09:00
verify-retry-20260403151220,,2026-04-03T15:12:20.298638+09:00,15,金,明日4月4日、,10,148,5,4,0,0,6.08,0.0,2026-04-04T02:06:22.131358+09:00
verify-retry-20260403214217,,2026-04-03T21:42:17.252216+09:00,21,金,今週後半、,4,37,4,0,0,0,10.81,0.5,2026-04-04T02:06:22.131358+09:00
post_20260403_2237_th_001,共感×具体アドバイス型,2026-04-04T00:06:30.590061+09:00,0,土,春になると,1,77,2,0,0,0,2.6,77.0,2026-04-04T02:06:22.131358+09:00
post_20260403_2237_th_003,予告型（構造D）,2026-04-04T00:57:08.785326+09:00,0,土,来週、12星座の中で,1,5,0,0,0,0,0.0,5.0,2026-04-04T02:06:22.131358+09:00
verify-retry-20260402214216,,2026-04-02T21:42:16.247419+09:00,21,木,明日4月3日は新月ですね🌙✨,31,119,1,0,0,0,0.84,0.3,2026-04-04T04:52:37.101113+09:00
post_20260403_1007_th_002,構造G_注意喚起+限定型②,2026-04-03T10:07:46.032397+09:00,10,金,今月後半、急に動く星座。,18,1420,137,5,0,0,10.0,18.3,2026-04-04T04:52:37.101113+09:00
verify-retry-20260403151220,,2026-04-03T15:12:20.298638+09:00,15,金,明日4月4日、,13,150,5,4,0,0,6.0,0.7,2026-04-04T04:52:37.101113+09:00
verify-retry-20260403214217,,2026-04-03T21:42:17.252216+09:00,21,金,今週後半、,7,39,4,0,0,0,10.26,0.7,2026-04-04T04:52:37.101113+09:00
post_20260403_2237_th_001,共感×具体アドバイス型,2026-04-04T00:06:30.590061+09:00,0,土,春になると,4,90,2,0,0,0,2.22,4.3,2026-04-04T04:52:37.101113+09:00
post_20260403_2237_th_003,予告型（構造D）,2026-04-04T00:57:08.785326+09:00,0,土,来週、12星座の中で,3,11,0,0,0,0,0.0,3.0,2026-04-04T04:52:37.101113+09:00
verify-retry-20260402214216,,2026-04-02T21:42:16.247419+09:00,21,木,明日4月3日は新月ですね🌙✨,33,119,1,0,0,0,0.84,0.0,2026-04-04T07:00:11.544501+09:00
post_20260403_1007_th_002,構造G_注意喚起+限定型②,2026-04-03T10:07:46.032397+09:00,10,金,今月後半、急に動く星座。,20,1455,140,5,0,0,9.97,17.5,2026-04-04T07:00:11.544501+09:00
verify-retry-20260403151220,,2026-04-03T15:12:20.298638+09:00,15,金,明日4月4日、,15,150,5,4,0,0,6.0,0.0,2026-04-04T07:00:11.544501+09:00
verify-retry-20260403214217,,2026-04-03T21:42:17.252216+09:00,21,金,今週後半、,9,39,4,0,0,0,10.26,0.0,2026-04-04T07:00:11.544501+09:00
post_20260403_2237_th_001,共感×具体アドバイス型,2026-04-04T00:06:30.590061+09:00,0,土,春になると,6,91,2,0,0,0,2.2,0.5,2026-04-04T07:00:11.544501+09:00
post_20260403_2237_th_003,予告型（構造D）,2026-04-04T00:57:08.785326+09:00,0,土,来週、12星座の中で,6,15,0,0,0,0,0.0,1.3,2026-04-04T07:00:11.544501+09:00
verify-retry-20260402214216,,2026-04-02T21:42:16.247419+09:00,21,木,明日4月3日は新月ですね🌙✨,35,120,1,0,0,0,0.83,0.5,2026-04-04T08:58:18.383536+09:00
post_20260403_1007_th_002,構造G_注意喚起+限定型②,2026-04-03T10:07:46.032397+09:00,10,金,今月後半、急に動く星座。,22,1486,142,5,0,0,9.89,15.5,2026-04-04T08:58:18.383536+09:00
verify-retry-20260403151220,,2026-04-03T15:12:20.298638+09:00,15,金,明日4月4日、,17,151,5,4,0,0,5.96,0.5,2026-04-04T08:58:18.383536+09:00
verify-retry-20260403214217,,2026-04-03T21:42:17.252216+09:00,21,金,今週後半、,11,40,4,0,0,0,10.0,0.5,2026-04-04T08:58:18.383536+09:00
post_20260403_2237_th_001,共感×具体アドバイス型,2026-04-04T00:06:30.590061+09:00,0,土,春になると,8,93,2,0,0,0,2.15,1.0,2026-04-04T08:58:18.383536+09:00
post_20260403_2237_th_003,予告型（構造D）,2026-04-04T00:57:08.785326+09:00,0,土,来週、12星座の中で,8,16,0,0,0,0,0.0,0.5,2026-04-04T08:58:18.383536+09:00
post_20260403_2237_th_004,週末開運アクション（構造G・金曜定番）,2026-04-04T07:07:21.761406+09:00,7,土,【金曜定番】週末の開運アクション。,1,22,0,0,0,0,0.0,22.0,2026-04-04T08:58:18.383536+09:00
verify-retry-20260402214216,,2026-04-02T21:42:16.247419+09:00,21,木,明日4月3日は新月ですね🌙✨,40,120,1,0,0,0,0.83,0.0,2026-04-04T14:35:29.390592+09:00
post_20260403_1007_th_002,構造G_注意喚起+限定型②,2026-04-03T10:07:46.032397+09:00,10,金,今月後半、急に動く星座。,28,1507,144,5,0,0,9.89,3.5,2026-04-04T14:35:29.390592+09:00
verify-retry-20260403151220,,2026-04-03T15:12:20.298638+09:00,15,金,明日4月4日、,23,159,6,4,0,0,6.29,1.3,2026-04-04T14:35:29.390592+09:00
verify-retry-20260403214217,,2026-04-03T21:42:17.252216+09:00,21,金,今週後半、,16,41,4,0,0,0,9.76,0.2,2026-04-04T14:35:29.390592+09:00
post_20260403_2237_th_001,共感×具体アドバイス型,2026-04-04T00:06:30.590061+09:00,0,土,春になると,14,101,2,0,0,0,1.98,1.3,2026-04-04T14:35:29.390592+09:00
post_20260403_2237_th_004,週末開運アクション（構造G・金曜定番）,2026-04-04T07:07:21.761406+09:00,7,土,【金曜定番】週末の開運アクション。,7,25,0,0,0,0,0.0,0.5,2026-04-04T14:35:29.390592+09:00
verify-retry-20260404091215,,2026-04-04T09:12:15.392364+09:00,9,土,今週、本音が出やすい星座。,5,23,3,0,0,0,13.04,4.6,2026-04-04T14:35:29.390592+09:00
verify-retry-20260404104220,,2026-04-04T10:42:20.418637+09:00,10,土,今週後半、金運が急変する星座。,3,335,45,2,0,0,14.03,111.7,2026-04-04T14:35:29.390592+09:00
verify-retry-20260404121214,,2026-04-04T12:12:14.068866+09:00,12,土,今週後半、仕事で気をつけた方がいい星座。,2,8,1,0,0,0,12.5,4.0,2026-04-04T14:35:29.390592+09:00
verify-retry-20260402214216,,2026-04-02T21:42:16.247419+09:00,21,木,明日4月3日は新月ですね🌙✨,43,120,1,0,0,0,0.83,0.0,2026-04-04T17:05:29.259811+09:00
post_20260403_1007_th_002,構造G_注意喚起+限定型②,2026-04-03T10:07:46.032397+09:00,10,金,今月後半、急に動く星座。,30,1507,144,5,0,0,9.89,0.0,2026-04-04T17:05:29.259811+09:00
verify-retry-20260403151220,,2026-04-03T15:12:20.298638+09:00,15,金,明日4月4日、,25,161,6,4,0,0,6.21,1.0,2026-04-04T17:05:29.259811+09:00
verify-retry-20260403214217,,2026-04-03T21:42:17.252216+09:00,21,金,今週後半、,19,41,4,0,0,0,9.76,0.0,2026-04-04T17:05:29.259811+09:00
post_20260403_2237_th_001,共感×具体アドバイス型,2026-04-04T00:06:30.590061+09:00,0,土,春になると,16,102,2,0,0,0,1.96,0.5,2026-04-04T17:05:29.259811+09:00
post_20260403_2237_th_004,週末開運アクション（構造G・金曜定番）,2026-04-04T07:07:21.761406+09:00,7,土,【金曜定番】週末の開運アクション。,9,27,0,0,0,0,0.0,1.0,2026-04-04T17:05:29.259811+09:00
verify-retry-20260404091215,,2026-04-04T09:12:15.392364+09:00,9,土,今週、本音が出やすい星座。,7,25,3,0,0,0,12.0,1.0,2026-04-04T17:05:29.259811+09:00
verify-retry-20260404104220,,2026-04-04T10:42:20.418637+09:00,10,土,今週後半、金運が急変する星座。,6,418,61,2,0,0,15.07,27.7,2026-04-04T17:05:29.259811+09:00
verify-retry-20260404121214,,2026-04-04T12:12:14.068866+09:00,12,土,今週後半、仕事で気をつけた方がいい星座。,4,12,1,0,0,0,8.33,2.0,2026-04-04T17:05:29.259811+09:00
verify-retry-20260404151219,,2026-04-04T15:12:19.132633+09:00,15,土,明日から、恋愛に動きが出やすい星座。,1,17,1,3,0,0,23.53,17.0,2026-04-04T17:05:29.259811+09:00
verify-retry-20260402214216,,2026-04-02T21:42:16.247419+09:00,21,木,明日4月3日は新月ですね🌙✨,45,120,1,0,0,0,0.83,0.0,2026-04-04T19:03:22.348673+09:00
post_20260403_1007_th_002,構造G_注意喚起+限定型②,2026-04-03T10:07:46.032397+09:00,10,金,今月後半、急に動く星座。,32,1508,145,5,0,0,9.95,0.5,2026-04-04T19:03:22.348673+09:00
verify-retry-20260403151220,,2026-04-03T15:12:20.298638+09:00,15,金,明日4月4日、,27,161,6,4,0,0,6.21,0.0,2026-04-04T19:03:22.348673+09:00
verify-retry-20260403214217,,2026-04-03T21:42:17.252216+09:00,21,金,今週後半、,21,41,4,0,0,0,9.76,0.0,2026-04-04T19:03:22.348673+09:00
post_20260403_2237_th_001,共感×具体アドバイス型,2026-04-04T00:06:30.590061+09:00,0,土,春になると,18,102,2,0,0,0,1.96,0.0,2026-04-04T19:03:22.348673+09:00
post_20260403_2237_th_004,週末開運アクション（構造G・金曜定番）,2026-04-04T07:07:21.761406+09:00,7,土,【金曜定番】週末の開運アクション。,11,27,0,0,0,0,0.0,0.0,2026-04-04T19:03:22.348673+09:00
verify-retry-20260404091215,,2026-04-04T09:12:15.392364+09:00,9,土,今週、本音が出やすい星座。,9,25,3,0,0,0,12.0,0.0,2026-04-04T19:03:22.348673+09:00
verify-retry-20260404104220,,2026-04-04T10:42:20.418637+09:00,10,土,今週後半、金運が急変する星座。,8,453,67,2,0,0,15.23,17.5,2026-04-04T19:03:22.348673+09:00
verify-retry-20260404121214,,2026-04-04T12:12:14.068866+09:00,12,土,今週後半、仕事で気をつけた方がいい星座。,6,13,2,0,0,0,15.38,0.5,2026-04-04T19:03:22.348673+09:00
verify-retry-20260404151219,,2026-04-04T15:12:19.132633+09:00,15,土,明日から、恋愛に動きが出やすい星座。,3,22,1,3,0,0,18.18,2.5,2026-04-04T19:03:22.348673+09:00
verify-retry-20260402214216,,2026-04-02T21:42:16.247419+09:00,21,木,明日4月3日は新月ですね🌙✨,47,120,1,0,0,0,0.83,0.0,2026-04-04T20:49:07.163230+09:00
post_20260403_1007_th_002,構造G_注意喚起+限定型②,2026-04-03T10:07:46.032397+09:00,10,金,今月後半、急に動く星座。,34,1508,145,5,0,0,9.95,0.0,2026-04-04T20:49:07.163230+09:00
verify-retry-20260403151220,,2026-04-03T15:12:20.298638+09:00,15,金,明日4月4日、,29,161,6,4,0,0,6.21,0.0,2026-04-04T20:49:07.163230+09:00
verify-retry-20260403214217,,2026-04-03T21:42:17.252216+09:00,21,金,今週後半、,23,41,4,0,0,0,9.76,0.0,2026-04-04T20:49:07.163230+09:00
post_20260403_2237_th_001,共感×具体アドバイス型,2026-04-04T00:06:30.590061+09:00,0,土,春になると,20,102,2,0,0,0,1.96,0.0,2026-04-04T20:49:07.163230+09:00
verify-retry-20260404091215,,2026-04-04T09:12:15.392364+09:00,9,土,今週、本音が出やすい星座。,11,25,3,0,0,0,12.0,0.0,2026-04-04T20:49:07.163230+09:00
verify-retry-20260404104220,,2026-04-04T10:42:20.418637+09:00,10,土,今週後半、金運が急変する星座。,10,499,77,2,0,0,15.83,23.0,2026-04-04T20:49:07.163230+09:00
verify-retry-20260404121214,,2026-04-04T12:12:14.068866+09:00,12,土,今週後半、仕事で気をつけた方がいい星座。,8,13,2,0,0,0,15.38,0.0,2026-04-04T20:49:07.163230+09:00
verify-retry-20260404151219,,2026-04-04T15:12:19.132633+09:00,15,土,明日から、恋愛に動きが出やすい星座。,5,26,2,5,0,0,26.92,2.0,2026-04-04T20:49:07.163230+09:00
verify-retry-20260404191217,,2026-04-04T19:12:17.902991+09:00,19,土,今月、恋愛に思わぬ転機が来やすい星座。,1,2,1,0,0,0,50.0,2.0,2026-04-04T20:49:07.163230+09:00
verify-retry-20260404204215,,2026-04-04T20:42:15.806547+09:00,20,土,【今日の金運ランキングTOP3】,0,0,1,0,0,0,0,0.0,2026-04-04T20:49:07.163230+09:00
verify-retry-20260402214216,,2026-04-02T21:42:16.247419+09:00,21,木,明日4月3日は新月ですね🌙✨,49,120,1,0,0,0,0.83,0.0,2026-04-04T23:07:26.105615+09:00
post_20260403_1007_th_002,構造G_注意喚起+限定型②,2026-04-03T10:07:46.032397+09:00,10,金,今月後半、急に動く星座。,36,1509,145,5,0,0,9.94,0.5,2026-04-04T23:07:26.105615+09:00
verify-retry-20260403151220,,2026-04-03T15:12:20.298638+09:00,15,金,明日4月4日、,31,161,6,4,0,0,6.21,0.0,2026-04-04T23:07:26.105615+09:00
verify-retry-20260403214217,,2026-04-03T21:42:17.252216+09:00,21,金,今週後半、,25,41,4,0,0,0,9.76,0.0,2026-04-04T23:07:26.105615+09:00
post_20260403_2237_th_001,共感×具体アドバイス型,2026-04-04T00:06:30.590061+09:00,0,土,春になると,23,103,2,0,0,0,1.94,0.3,2026-04-04T23:07:26.105615+09:00
verify-retry-20260404091215,,2026-04-04T09:12:15.392364+09:00,9,土,今週、本音が出やすい星座。,13,27,3,0,0,0,11.11,1.0,2026-04-04T23:07:26.105615+09:00
verify-retry-20260404104220,,2026-04-04T10:42:20.418637+09:00,10,土,今週後半、金運が急変する星座。,12,551,81,2,0,0,15.06,26.0,2026-04-04T23:07:26.105615+09:00
verify-retry-20260404121214,,2026-04-04T12:12:14.068866+09:00,12,土,今週後半、仕事で気をつけた方がいい星座。,10,13,2,0,0,0,15.38,0.0,2026-04-04T23:07:26.105615+09:00
verify-retry-20260404151219,,2026-04-04T15:12:19.132633+09:00,15,土,明日から、恋愛に動きが出やすい星座。,7,32,2,5,0,0,21.88,3.0,2026-04-04T23:07:26.105615+09:00
verify-retry-20260404204215,,2026-04-04T20:42:15.806547+09:00,20,土,【今日の金運ランキングTOP3】,2,42,15,0,0,0,35.71,21.0,2026-04-04T23:07:26.105615+09:00
verify-retry-20260404214219,,2026-04-04T21:42:19.190732+09:00,21,土,明日から48時間、,1,8,2,0,0,0,25.0,8.0,2026-04-04T23:07:26.105615+09:00
verify-retry-20260402214216,,2026-04-02T21:42:16.247419+09:00,21,木,明日4月3日は新月ですね🌙✨,51,120,1,0,0,0,0.83,0.0,2026-04-05T00:54:20.355476+09:00
post_20260403_1007_th_002,構造G_注意喚起+限定型②,2026-04-03T10:07:46.032397+09:00,10,金,今月後半、急に動く星座。,38,1510,145,5,0,0,9.93,0.5,2026-04-05T00:54:20.355476+09:00
verify-retry-20260403151220,,2026-04-03T15:12:20.298638+09:00,15,金,明日4月4日、,33,161,6,4,0,0,6.21,0.0,2026-04-05T00:54:20.355476+09:00
verify-retry-20260403214217,,2026-04-03T21:42:17.252216+09:00,21,金,今週後半、,27,42,4,0,0,0,9.52,0.5,2026-04-05T00:54:20.355476+09:00
post_20260403_2237_th_001,共感×具体アドバイス型,2026-04-04T00:06:30.590061+09:00,0,土,春になると,24,103,2,0,0,0,1.94,0.0,2026-04-05T00:54:20.355476+09:00
verify-retry-20260404091215,,2026-04-04T09:12:15.392364+09:00,9,土,今週、本音が出やすい星座。,15,27,3,0,0,0,11.11,0.0,2026-04-05T00:54:20.355476+09:00
verify-retry-20260404104220,,2026-04-04T10:42:20.418637+09:00,10,土,今週後半、金運が急変する星座。,14,614,93,2,0,0,15.47,31.5,2026-04-05T00:54:20.355476+09:00
verify-retry-20260404121214,,2026-04-04T12:12:14.068866+09:00,12,土,今週後半、仕事で気をつけた方がいい星座。,12,14,2,0,0,0,14.29,0.5,2026-04-05T00:54:20.355476+09:00
verify-retry-20260404151219,,2026-04-04T15:12:19.132633+09:00,15,土,明日から、恋愛に動きが出やすい星座。,9,32,2,5,0,0,21.88,0.0,2026-04-05T00:54:20.355476+09:00
verify-retry-20260404204215,,2026-04-04T20:42:15.806547+09:00,20,土,【今日の金運ランキングTOP3】,4,50,15,0,0,0,30.0,4.0,2026-04-05T00:54:20.355476+09:00
verify-retry-20260404214219,,2026-04-04T21:42:19.190732+09:00,21,土,明日から48時間、,3,10,2,0,0,0,20.0,1.0,2026-04-05T00:54:20.355476+09:00
verify-retry-20260402214216,,2026-04-02T21:42:16.247419+09:00,21,木,明日4月3日は新月ですね🌙✨,53,120,1,0,0,0,0.83,0.0,2026-04-05T02:57:23.269324+09:00
post_20260403_1007_th_002,構造G_注意喚起+限定型②,2026-04-03T10:07:46.032397+09:00,10,金,今月後半、急に動く星座。,40,1510,145,5,0,0,9.93,0.0,2026-04-05T02:57:23.269324+09:00
verify-retry-20260403151220,,2026-04-03T15:12:20.298638+09:00,15,金,明日4月4日、,35,161,6,4,0,0,6.21,0.0,2026-04-05T02:57:23.269324+09:00
verify-retry-20260403214217,,2026-04-03T21:42:17.252216+09:00,21,金,今週後半、,29,42,4,0,0,0,9.52,0.0,2026-04-05T02:57:23.269324+09:00
post_20260403_2237_th_001,共感×具体アドバイス型,2026-04-04T00:06:30.590061+09:00,0,土,春になると,26,103,2,0,0,0,1.94,0.0,2026-04-05T02:57:23.269324+09:00
verify-retry-20260404091215,,2026-04-04T09:12:15.392364+09:00,9,土,今週、本音が出やすい星座。,17,27,3,0,0,0,11.11,0.0,2026-04-05T02:57:23.269324+09:00
verify-retry-20260404104220,,2026-04-04T10:42:20.418637+09:00,10,土,今週後半、金運が急変する星座。,16,633,95,2,0,0,15.32,9.5,2026-04-05T02:57:23.269324+09:00
verify-retry-20260404121214,,2026-04-04T12:12:14.068866+09:00,12,土,今週後半、仕事で気をつけた方がいい星座。,14,14,2,0,0,0,14.29,0.0,2026-04-05T02:57:23.269324+09:00
verify-retry-20260404151219,,2026-04-04T15:12:19.132633+09:00,15,土,明日から、恋愛に動きが出やすい星座。,11,32,2,5,0,0,21.88,0.0,2026-04-05T02:57:23.269324+09:00
verify-retry-20260404204215,,2026-04-04T20:42:15.806547+09:00,20,土,【今日の金運ランキングTOP3】,6,51,15,0,0,0,29.41,0.5,2026-04-05T02:57:23.269324+09:00
verify-retry-20260404214219,,2026-04-04T21:42:19.190732+09:00,21,土,明日から48時間、,5,13,2,0,0,0,15.38,1.5,2026-04-05T02:57:23.269324+09:00
verify-retry-20260402214216,,2026-04-02T21:42:16.247419+09:00,21,木,明日4月3日は新月ですね🌙✨,55,120,1,0,0,0,0.83,0.0,2026-04-05T04:51:36.904948+09:00
post_20260403_1007_th_002,構造G_注意喚起+限定型②,2026-04-03T10:07:46.032397+09:00,10,金,今月後半、急に動く星座。,42,1510,145,5,0,0,9.93,0.0,2026-04-05T04:51:36.904948+09:00
verify-retry-20260403151220,,2026-04-03T15:12:20.298638+09:00,15,金,明日4月4日、,37,161,6,4,0,0,6.21,0.0,2026-04-05T04:51:36.904948+09:00
verify-retry-20260403214217,,2026-04-03T21:42:17.252216+09:00,21,金,今週後半、,31,42,4,0,0,0,9.52,0.0,2026-04-05T04:51:36.904948+09:00
post_20260403_2237_th_001,共感×具体アドバイス型,2026-04-04T00:06:30.590061+09:00,0,土,春になると,28,103,2,0,0,0,1.94,0.0,2026-04-05T04:51:36.904948+09:00
verify-retry-20260404091215,,2026-04-04T09:12:15.392364+09:00,9,土,今週、本音が出やすい星座。,19,27,3,0,0,0,11.11,0.0,2026-04-05T04:51:36.904948+09:00
verify-retry-20260404104220,,2026-04-04T10:42:20.418637+09:00,10,土,今週後半、金運が急変する星座。,18,645,95,2,0,0,15.04,6.0,2026-04-05T04:51:36.904948+09:00
verify-retry-20260404121214,,2026-04-04T12:12:14.068866+09:00,12,土,今週後半、仕事で気をつけた方がいい星座。,16,14,2,0,0,0,14.29,0.0,2026-04-05T04:51:36.904948+09:00
verify-retry-20260404151219,,2026-04-04T15:12:19.132633+09:00,15,土,明日から、恋愛に動きが出やすい星座。,13,37,2,5,0,0,18.92,2.5,2026-04-05T04:51:36.904948+09:00
verify-retry-20260404204215,,2026-04-04T20:42:15.806547+09:00,20,土,【今日の金運ランキングTOP3】,8,51,15,0,0,0,29.41,0.0,2026-04-05T04:51:36.904948+09:00
verify-retry-20260404214219,,2026-04-04T21:42:19.190732+09:00,21,土,明日から48時間、,7,13,2,0,0,0,15.38,0.0,2026-04-05T04:51:36.904948+09:00
verify-retry-20260402214216,,2026-04-02T21:42:16.247419+09:00,21,木,明日4月3日は新月ですね🌙✨,57,120,1,0,0,0,0.83,0.0,2026-04-05T06:54:00.245969+09:00
post_20260403_1007_th_002,構造G_注意喚起+限定型②,2026-04-03T10:07:46.032397+09:00,10,金,今月後半、急に動く星座。,44,1510,145,5,0,0,9.93,0.0,2026-04-05T06:54:00.245969+09:00
verify-retry-20260403151220,,2026-04-03T15:12:20.298638+09:00,15,金,明日4月4日、,39,161,6,4,0,0,6.21,0.0,2026-04-05T06:54:00.245969+09:00
verify-retry-20260403214217,,2026-04-03T21:42:17.252216+09:00,21,金,今週後半、,33,42,4,0,0,0,9.52,0.0,2026-04-05T06:54:00.245969+09:00
post_20260403_2237_th_001,共感×具体アドバイス型,2026-04-04T00:06:30.590061+09:00,0,土,春になると,30,103,2,0,0,0,1.94,0.0,2026-04-05T06:54:00.245969+09:00
verify-retry-20260404091215,,2026-04-04T09:12:15.392364+09:00,9,土,今週、本音が出やすい星座。,21,27,3,0,0,0,11.11,0.0,2026-04-05T06:54:00.245969+09:00
verify-retry-20260404104220,,2026-04-04T10:42:20.418637+09:00,10,土,今週後半、金運が急変する星座。,20,652,98,2,0,0,15.34,3.5,2026-04-05T06:54:00.245969+09:00
verify-retry-20260404121214,,2026-04-04T12:12:14.068866+09:00,12,土,今週後半、仕事で気をつけた方がいい星座。,18,14,2,0,0,0,14.29,0.0,2026-04-05T06:54:00.245969+09:00
verify-retry-20260404151219,,2026-04-04T15:12:19.132633+09:00,15,土,明日から、恋愛に動きが出やすい星座。,15,38,2,5,0,0,18.42,0.5,2026-04-05T06:54:00.245969+09:00
verify-retry-20260404204215,,2026-04-04T20:42:15.806547+09:00,20,土,【今日の金運ランキングTOP3】,10,53,17,0,0,0,32.08,1.0,2026-04-05T06:54:00.245969+09:00
verify-retry-20260404214219,,2026-04-04T21:42:19.190732+09:00,21,土,明日から48時間、,9,14,3,0,0,0,21.43,0.5,2026-04-05T06:54:00.245969+09:00
verify-retry-20260402214216,,2026-04-02T21:42:16.247419+09:00,21,木,明日4月3日は新月ですね🌙✨,59,120,1,0,0,0,0.83,0.0,2026-04-05T08:55:32.402037+09:00
post_20260403_1007_th_002,構造G_注意喚起+限定型②,2026-04-03T10:07:46.032397+09:00,10,金,今月後半、急に動く星座。,46,1510,145,5,0,0,9.93,0.0,2026-04-05T08:55:32.402037+09:00
verify-retry-20260403151220,,2026-04-03T15:12:20.298638+09:00,15,金,明日4月4日、,41,161,6,4,0,0,6.21,0.0,2026-04-05T08:55:32.402037+09:00
verify-retry-20260403214217,,2026-04-03T21:42:17.252216+09:00,21,金,今週後半、,35,42,4,0,0,0,9.52,0.0,2026-04-05T08:55:32.402037+09:00
post_20260403_2237_th_001,共感×具体アドバイス型,2026-04-04T00:06:30.590061+09:00,0,土,春になると,32,103,2,0,0,0,1.94,0.0,2026-04-05T08:55:32.402037+09:00
verify-retry-20260404091215,,2026-04-04T09:12:15.392364+09:00,9,土,今週、本音が出やすい星座。,23,28,3,0,0,0,10.71,0.5,2026-04-05T08:55:32.402037+09:00
verify-retry-20260404104220,,2026-04-04T10:42:20.418637+09:00,10,土,今週後半、金運が急変する星座。,22,666,99,2,0,0,15.17,7.0,2026-04-05T08:55:32.402037+09:00
verify-retry-20260404121214,,2026-04-04T12:12:14.068866+09:00,12,土,今週後半、仕事で気をつけた方がいい星座。,20,16,2,0,0,0,12.5,1.0,2026-04-05T08:55:32.402037+09:00
verify-retry-20260404151219,,2026-04-04T15:12:19.132633+09:00,15,土,明日から、恋愛に動きが出やすい星座。,17,39,2,5,0,0,17.95,0.5,2026-04-05T08:55:32.402037+09:00
verify-retry-20260404204215,,2026-04-04T20:42:15.806547+09:00,20,土,【今日の金運ランキングTOP3】,12,54,17,0,0,0,31.48,0.5,2026-04-05T08:55:32.402037+09:00
verify-retry-20260404214219,,2026-04-04T21:42:19.190732+09:00,21,土,明日から48時間、,11,16,3,0,0,0,18.75,1.0,2026-04-05T08:55:32.402037+09:00
verify-retry-20260405071217,緊急生成_verify,2026-04-05T07:12:17.492387+09:00,7,日,今週後半、気をつけた方がいい星座。,1,55,2,0,0,0,3.64,55.0,2026-04-05T08:55:32.402037+09:00
verify-retry-20260402214216,,2026-04-02T21:42:16.247419+09:00,21,木,明日4月3日は新月ですね🌙✨,65,121,1,0,0,0,0.83,0.2,2026-04-05T15:02:43.569216+09:00
post_20260403_1007_th_002,構造G_注意喚起+限定型②,2026-04-03T10:07:46.032397+09:00,10,金,今月後半、急に動く星座。,52,1512,145,5,0,0,9.92,0.3,2026-04-05T15:02:43.569216+09:00
verify-retry-20260403151220,,2026-04-03T15:12:20.298638+09:00,15,金,明日4月4日、,47,162,6,4,0,0,6.17,0.2,2026-04-05T15:02:43.569216+09:00
verify-retry-20260403214217,,2026-04-03T21:42:17.252216+09:00,21,金,今週後半、,41,44,4,0,0,0,9.09,0.3,2026-04-05T15:02:43.569216+09:00
post_20260403_2237_th_001,共感×具体アドバイス型,2026-04-04T00:06:30.590061+09:00,0,土,春になると,38,105,2,0,0,0,1.9,0.3,2026-04-05T15:02:43.569216+09:00
verify-retry-20260404104220,,2026-04-04T10:42:20.418637+09:00,10,土,今週後半、金運が急変する星座。,28,680,101,2,0,0,15.15,2.3,2026-04-05T15:02:43.569216+09:00
verify-retry-20260404151219,,2026-04-04T15:12:19.132633+09:00,15,土,明日から、恋愛に動きが出やすい星座。,23,43,2,5,0,0,16.28,0.7,2026-04-05T15:02:43.569216+09:00
verify-retry-20260404204215,,2026-04-04T20:42:15.806547+09:00,20,土,【今日の金運ランキングTOP3】,18,57,17,0,0,0,29.82,0.5,2026-04-05T15:02:43.569216+09:00
verify-retry-20260404214219,,2026-04-04T21:42:19.190732+09:00,21,土,明日から48時間、,17,20,3,0,0,0,15.0,0.7,2026-04-05T15:02:43.569216+09:00
verify-retry-20260405071217,緊急生成_verify,2026-04-05T07:12:17.492387+09:00,7,日,今週後半、気をつけた方がいい星座。,7,85,4,0,0,0,4.71,5.0,2026-04-05T15:02:43.569216+09:00
post_20260405_1038_exp_001,構造G_注意喚起+限定型（今週の仕事運警告）,2026-04-05T10:42:17.920539+09:00,10,日,今週後半、仕事で判断ミスが起きやすい星座。,4,13,1,0,0,0,7.69,3.2,2026-04-05T15:02:43.569216+09:00
verify-retry-20260402214216,,2026-04-02T21:42:16.247419+09:00,21,木,明日4月3日は新月ですね🌙✨,67,121,1,0,0,0,0.83,0.0,2026-04-05T17:06:02.666387+09:00
post_20260403_1007_th_002,構造G_注意喚起+限定型②,2026-04-03T10:07:46.032397+09:00,10,金,今月後半、急に動く星座。,54,1512,145,5,0,0,9.92,0.0,2026-04-05T17:06:02.666387+09:00
verify-retry-20260403151220,,2026-04-03T15:12:20.298638+09:00,15,金,明日4月4日、,49,162,6,4,0,0,6.17,0.0,2026-04-05T17:06:02.666387+09:00
verify-retry-20260403214217,,2026-04-03T21:42:17.252216+09:00,21,金,今週後半、,43,44,4,0,0,0,9.09,0.0,2026-04-05T17:06:02.666387+09:00
post_20260403_2237_th_001,共感×具体アドバイス型,2026-04-04T00:06:30.590061+09:00,0,土,春になると,40,105,2,0,0,0,1.9,0.0,2026-04-05T17:06:02.666387+09:00
verify-retry-20260404104220,,2026-04-04T10:42:20.418637+09:00,10,土,今週後半、金運が急変する星座。,30,680,101,2,0,0,15.15,0.0,2026-04-05T17:06:02.666387+09:00
verify-retry-20260404151219,,2026-04-04T15:12:19.132633+09:00,15,土,明日から、恋愛に動きが出やすい星座。,25,47,2,5,0,0,14.89,2.0,2026-04-05T17:06:02.666387+09:00
verify-retry-20260404204215,,2026-04-04T20:42:15.806547+09:00,20,土,【今日の金運ランキングTOP3】,20,57,17,0,0,0,29.82,0.0,2026-04-05T17:06:02.666387+09:00
verify-retry-20260404214219,,2026-04-04T21:42:19.190732+09:00,21,土,明日から48時間、,19,20,3,0,0,0,15.0,0.0,2026-04-05T17:06:02.666387+09:00
verify-retry-20260405071217,緊急生成_verify,2026-04-05T07:12:17.492387+09:00,7,日,今週後半、気をつけた方がいい星座。,9,88,6,0,0,0,6.82,1.5,2026-04-05T17:06:02.666387+09:00
post_20260405_1038_exp_001,構造G_注意喚起+限定型（今週の仕事運警告）,2026-04-05T10:42:17.920539+09:00,10,日,今週後半、仕事で判断ミスが起きやすい星座。,6,16,1,0,0,0,6.25,1.5,2026-04-05T17:06:02.666387+09:00
post_20260405_1505_exp_001,構造G_注意喚起+限定型（今週の仕事運警告）,2026-04-05T15:05:54.741486+09:00,15,日,今週後半、仕事で気をつけた方がいい星座。,2,14,4,0,0,0,28.57,7.0,2026-04-05T17:06:02.666387+09:00
verify-retry-20260402214216,,2026-04-02T21:42:16.247419+09:00,21,木,明日4月3日は新月ですね🌙✨,69,123,1,0,0,0,0.81,1.0,2026-04-05T19:05:02.183814+09:00
post_20260403_1007_th_002,構造G_注意喚起+限定型②,2026-04-03T10:07:46.032397+09:00,10,金,今月後半、急に動く星座。,56,1514,145,5,0,0,9.91,1.0,2026-04-05T19:05:02.183814+09:00
verify-retry-20260403151220,,2026-04-03T15:12:20.298638+09:00,15,金,明日4月4日、,51,164,6,4,0,0,6.1,1.0,2026-04-05T19:05:02.183814+09:00
verify-retry-20260403214217,,2026-04-03T21:42:17.252216+09:00,21,金,今週後半、,45,46,4,0,0,0,8.7,1.0,2026-04-05T19:05:02.183814+09:00
post_20260403_2237_th_001,共感×具体アドバイス型,2026-04-04T00:06:30.590061+09:00,0,土,春になると,42,107,2,0,0,0,1.87,1.0,2026-04-05T19:05:02.183814+09:00
verify-retry-20260404104220,,2026-04-04T10:42:20.418637+09:00,10,土,今週後半、金運が急変する星座。,32,681,101,2,0,0,15.12,0.5,2026-04-05T19:05:02.183814+09:00
verify-retry-20260404151219,,2026-04-04T15:12:19.132633+09:00,15,土,明日から、恋愛に動きが出やすい星座。,27,48,2,5,0,0,14.58,0.5,2026-04-05T19:05:02.183814+09:00
verify-retry-20260404204215,,2026-04-04T20:42:15.806547+09:00,20,土,【今日の金運ランキングTOP3】,22,59,17,0,0,0,28.81,1.0,2026-04-05T19:05:02.183814+09:00
verify-retry-20260404214219,,2026-04-04T21:42:19.190732+09:00,21,土,明日から48時間、,21,21,3,0,0,0,14.29,0.5,2026-04-05T19:05:02.183814+09:00
verify-retry-20260405071217,緊急生成_verify,2026-04-05T07:12:17.492387+09:00,7,日,今週後半、気をつけた方がいい星座。,11,89,6,0,0,0,6.74,0.5,2026-04-05T19:05:02.183814+09:00
post_20260405_1038_exp_001,構造G_注意喚起+限定型（今週の仕事運警告）,2026-04-05T10:42:17.920539+09:00,10,日,今週後半、仕事で判断ミスが起きやすい星座。,8,17,1,0,0,0,5.88,0.5,2026-04-05T19:05:02.183814+09:00
post_20260405_1505_exp_001,構造G_注意喚起+限定型（今週の仕事運警告）,2026-04-05T15:05:54.741486+09:00,15,日,今週後半、仕事で気をつけた方がいい星座。,3,19,5,0,0,0,26.32,5.0,2026-04-05T19:05:02.183814+09:00
verify-retry-20260402214216,,2026-04-02T21:42:16.247419+09:00,21,木,明日4月3日は新月ですね🌙✨,71,123,1,0,0,0,0.81,0.0,2026-04-05T20:50:19.427226+09:00
post_20260403_1007_th_002,構造G_注意喚起+限定型②,2026-04-03T10:07:46.032397+09:00,10,金,今月後半、急に動く星座。,58,1514,145,5,0,0,9.91,0.0,2026-04-05T20:50:19.427226+09:00
verify-retry-20260403151220,,2026-04-03T15:12:20.298638+09:00,15,金,明日4月4日、,53,164,6,4,0,0,6.1,0.0,2026-04-05T20:50:19.427226+09:00
verify-retry-20260403214217,,2026-04-03T21:42:17.252216+09:00,21,金,今週後半、,47,46,4,0,0,0,8.7,0.0,2026-04-05T20:50:19.427226+09:00
post_20260403_2237_th_001,共感×具体アドバイス型,2026-04-04T00:06:30.590061+09:00,0,土,春になると,44,107,2,0,0,0,1.87,0.0,2026-04-05T20:50:19.427226+09:00
verify-retry-20260404104220,,2026-04-04T10:42:20.418637+09:00,10,土,今週後半、金運が急変する星座。,34,681,101,2,0,0,15.12,0.0,2026-04-05T20:50:19.427226+09:00
verify-retry-20260404151219,,2026-04-04T15:12:19.132633+09:00,15,土,明日から、恋愛に動きが出やすい星座。,29,48,2,5,0,0,14.58,0.0,2026-04-05T20:50:19.427226+09:00
verify-retry-20260404204215,,2026-04-04T20:42:15.806547+09:00,20,土,【今日の金運ランキングTOP3】,24,60,17,0,0,0,28.33,0.5,2026-04-05T20:50:19.427226+09:00
verify-retry-20260404214219,,2026-04-04T21:42:19.190732+09:00,21,土,明日から48時間、,23,22,3,0,0,0,13.64,0.5,2026-04-05T20:50:19.427226+09:00
verify-retry-20260405071217,緊急生成_verify,2026-04-05T07:12:17.492387+09:00,7,日,今週後半、気をつけた方がいい星座。,13,92,6,0,0,0,6.52,1.5,2026-04-05T20:50:19.427226+09:00
post_20260405_1038_exp_001,構造G_注意喚起+限定型（今週の仕事運警告）,2026-04-05T10:42:17.920539+09:00,10,日,今週後半、仕事で判断ミスが起きやすい星座。,10,18,1,0,0,0,5.56,0.5,2026-04-05T20:50:19.427226+09:00
post_20260405_1505_exp_001,構造G_注意喚起+限定型（今週の仕事運警告）,2026-04-05T15:05:54.741486+09:00,15,日,今週後半、仕事で気をつけた方がいい星座。,5,22,6,0,0,0,27.27,1.5,2026-04-05T20:50:19.427226+09:00
post_20260405_1907_exp_006,構造F_告白・暴露型（占い師として正直に言います）,2026-04-05T19:07:54.374984+09:00,19,日,正直に言います。,1,143,6,0,0,0,4.2,143.0,2026-04-05T20:50:19.427226+09:00
post_20260405_2038_exp_001,構造G_注意喚起+限定型（今週の仕事運警告）,2026-04-05T20:42:17.525343+09:00,20,日,今週後半、仕事で判断ミスが起きやすい星座。,0,0,0,0,0,0,0,0.0,2026-04-05T20:50:19.427226+09:00
post_20260403_1007_th_002,構造G_注意喚起+限定型②,2026-04-03T10:07:46.032397+09:00,10,金,今月後半、急に動く星座。,61,1515,145,5,0,0,9.9,0.3,2026-04-05T23:08:20.680036+09:00
verify-retry-20260403151220,,2026-04-03T15:12:20.298638+09:00,15,金,明日4月4日、,55,164,6,4,0,0,6.1,0.0,2026-04-05T23:08:20.680036+09:00
verify-retry-20260403214217,,2026-04-03T21:42:17.252216+09:00,21,金,今週後半、,49,46,4,0,0,0,8.7,0.0,2026-04-05T23:08:20.680036+09:00
post_20260403_2237_th_001,共感×具体アドバイス型,2026-04-04T00:06:30.590061+09:00,0,土,春になると,47,107,2,0,0,0,1.87,0.0,2026-04-05T23:08:20.680036+09:00
verify-retry-20260404104220,,2026-04-04T10:42:20.418637+09:00,10,土,今週後半、金運が急変する星座。,36,682,101,2,0,0,15.1,0.5,2026-04-05T23:08:20.680036+09:00
verify-retry-20260404151219,,2026-04-04T15:12:19.132633+09:00,15,土,明日から、恋愛に動きが出やすい星座。,31,48,2,5,0,0,14.58,0.0,2026-04-05T23:08:20.680036+09:00
verify-retry-20260404204215,,2026-04-04T20:42:15.806547+09:00,20,土,【今日の金運ランキングTOP3】,26,60,17,0,0,0,28.33,0.0,2026-04-05T23:08:20.680036+09:00
verify-retry-20260405071217,緊急生成_verify,2026-04-05T07:12:17.492387+09:00,7,日,今週後半、気をつけた方がいい星座。,15,98,6,0,0,0,6.12,3.0,2026-04-05T23:08:20.680036+09:00
post_20260405_1038_exp_001,構造G_注意喚起+限定型（今週の仕事運警告）,2026-04-05T10:42:17.920539+09:00,10,日,今週後半、仕事で判断ミスが起きやすい星座。,12,20,1,0,0,0,5.0,1.0,2026-04-05T23:08:20.680036+09:00
post_20260405_1505_exp_001,構造G_注意喚起+限定型（今週の仕事運警告）,2026-04-05T15:05:54.741486+09:00,15,日,今週後半、仕事で気をつけた方がいい星座。,8,24,6,0,0,0,25.0,0.7,2026-04-05T23:08:20.680036+09:00
post_20260405_1907_exp_006,構造F_告白・暴露型（占い師として正直に言います）,2026-04-05T19:07:54.374984+09:00,19,日,正直に言います。,4,167,7,0,0,0,4.19,8.0,2026-04-05T23:08:20.680036+09:00
post_20260405_2038_exp_001,構造G_注意喚起+限定型（今週の仕事運警告）,2026-04-05T20:42:17.525343+09:00,20,日,今週後半、仕事で判断ミスが起きやすい星座。,2,9,1,0,0,0,11.11,4.5,2026-04-05T23:08:20.680036+09:00
verify-retry-20260405214216,構造G_注意喚起+限定型,2026-04-05T21:42:16.865925+09:00,21,日,明日からの1週間、,1,282,34,0,0,0,12.06,282.0,2026-04-05T23:08:20.680036+09:00
post_20260403_1007_th_002,構造G_注意喚起+限定型②,2026-04-03T10:07:46.032397+09:00,10,金,今月後半、急に動く星座。,62,1515,145,5,0,0,9.9,0.0,2026-04-06T00:55:22.748329+09:00
verify-retry-20260403151220,,2026-04-03T15:12:20.298638+09:00,15,金,明日4月4日、,57,164,6,4,0,0,6.1,0.0,2026-04-06T00:55:22.748329+09:00
verify-retry-20260403214217,,2026-04-03T21:42:17.252216+09:00,21,金,今週後半、,51,47,4,0,0,0,8.51,0.5,2026-04-06T00:55:22.748329+09:00
post_20260403_2237_th_001,共感×具体アドバイス型,2026-04-04T00:06:30.590061+09:00,0,土,春になると,48,108,2,0,0,0,1.85,1.0,2026-04-06T00:55:22.748329+09:00
verify-retry-20260404104220,,2026-04-04T10:42:20.418637+09:00,10,土,今週後半、金運が急変する星座。,38,683,101,2,0,0,15.08,0.5,2026-04-06T00:55:22.748329+09:00
verify-retry-20260404151219,,2026-04-04T15:12:19.132633+09:00,15,土,明日から、恋愛に動きが出やすい星座。,33,49,2,5,0,0,14.29,0.5,2026-04-06T00:55:22.748329+09:00
verify-retry-20260404204215,,2026-04-04T20:42:15.806547+09:00,20,土,【今日の金運ランキングTOP3】,28,60,17,0,0,0,28.33,0.0,2026-04-06T00:55:22.748329+09:00
verify-retry-20260405071217,緊急生成_verify,2026-04-05T07:12:17.492387+09:00,7,日,今週後半、気をつけた方がいい星座。,17,106,6,0,0,0,5.66,4.0,2026-04-06T00:55:22.748329+09:00
post_20260405_1038_exp_001,構造G_注意喚起+限定型（今週の仕事運警告）,2026-04-05T10:42:17.920539+09:00,10,日,今週後半、仕事で判断ミスが起きやすい星座。,14,23,1,0,0,0,4.35,1.5,2026-04-06T00:55:22.748329+09:00
post_20260405_1505_exp_001,構造G_注意喚起+限定型（今週の仕事運警告）,2026-04-05T15:05:54.741486+09:00,15,日,今週後半、仕事で気をつけた方がいい星座。,9,27,6,0,0,0,22.22,3.0,2026-04-06T00:55:22.748329+09:00
post_20260405_1907_exp_006,構造F_告白・暴露型（占い師として正直に言います）,2026-04-05T19:07:54.374984+09:00,19,日,正直に言います。,5,173,7,0,0,0,4.05,6.0,2026-04-06T00:55:22.748329+09:00
post_20260405_2038_exp_001,構造G_注意喚起+限定型（今週の仕事運警告）,2026-04-05T20:42:17.525343+09:00,20,日,今週後半、仕事で判断ミスが起きやすい星座。,4,14,1,0,0,0,7.14,2.5,2026-04-06T00:55:22.748329+09:00
verify-retry-20260405214216,構造G_注意喚起+限定型,2026-04-05T21:42:16.865925+09:00,21,日,明日からの1週間、,3,520,52,0,0,0,10.0,119.0,2026-04-06T00:55:22.748329+09:00
post_20260403_1007_th_002,構造G_注意喚起+限定型②,2026-04-03T10:07:46.032397+09:00,10,金,今月後半、急に動く星座。,64,1515,145,5,0,0,9.9,0.0,2026-04-06T02:59:09.660366+09:00
verify-retry-20260403151220,,2026-04-03T15:12:20.298638+09:00,15,金,明日4月4日、,59,164,6,4,0,0,6.1,0.0,2026-04-06T02:59:09.660366+09:00
verify-retry-20260403214217,,2026-04-03T21:42:17.252216+09:00,21,金,今週後半、,53,47,4,0,0,0,8.51,0.0,2026-04-06T02:59:09.660366+09:00
post_20260403_2237_th_001,共感×具体アドバイス型,2026-04-04T00:06:30.590061+09:00,0,土,春になると,50,108,2,0,0,0,1.85,0.0,2026-04-06T02:59:09.660366+09:00
verify-retry-20260404104220,,2026-04-04T10:42:20.418637+09:00,10,土,今週後半、金運が急変する星座。,40,683,101,2,0,0,15.08,0.0,2026-04-06T02:59:09.660366+09:00
verify-retry-20260404151219,,2026-04-04T15:12:19.132633+09:00,15,土,明日から、恋愛に動きが出やすい星座。,35,50,2,5,0,0,14.0,0.5,2026-04-06T02:59:09.660366+09:00
verify-retry-20260404204215,,2026-04-04T20:42:15.806547+09:00,20,土,【今日の金運ランキングTOP3】,30,61,17,0,0,0,27.87,0.5,2026-04-06T02:59:09.660366+09:00
verify-retry-20260405071217,緊急生成_verify,2026-04-05T07:12:17.492387+09:00,7,日,今週後半、気をつけた方がいい星座。,19,106,6,0,0,0,5.66,0.0,2026-04-06T02:59:09.660366+09:00
post_20260405_1038_exp_001,構造G_注意喚起+限定型（今週の仕事運警告）,2026-04-05T10:42:17.920539+09:00,10,日,今週後半、仕事で判断ミスが起きやすい星座。,16,23,1,0,0,0,4.35,0.0,2026-04-06T02:59:09.660366+09:00
post_20260405_1505_exp_001,構造G_注意喚起+限定型（今週の仕事運警告）,2026-04-05T15:05:54.741486+09:00,15,日,今週後半、仕事で気をつけた方がいい星座。,11,27,6,0,0,0,22.22,0.0,2026-04-06T02:59:09.660366+09:00
post_20260405_1907_exp_006,構造F_告白・暴露型（占い師として正直に言います）,2026-04-05T19:07:54.374984+09:00,19,日,正直に言います。,7,174,7,0,0,0,4.02,0.5,2026-04-06T02:59:09.660366+09:00
post_20260405_2038_exp_001,構造G_注意喚起+限定型（今週の仕事運警告）,2026-04-05T20:42:17.525343+09:00,20,日,今週後半、仕事で判断ミスが起きやすい星座。,6,14,1,0,0,0,7.14,0.0,2026-04-06T02:59:09.660366+09:00
verify-retry-20260405214216,構造G_注意喚起+限定型,2026-04-05T21:42:16.865925+09:00,21,日,明日からの1週間、,5,658,62,1,0,0,9.57,69.0,2026-04-06T02:59:09.660366+09:00
post_20260403_1007_th_002,構造G_注意喚起+限定型②,2026-04-03T10:07:46.032397+09:00,10,金,今月後半、急に動く星座。,66,1515,145,5,0,0,9.9,0.0,2026-04-06T04:56:33.018977+09:00
verify-retry-20260403151220,,2026-04-03T15:12:20.298638+09:00,15,金,明日4月4日、,61,164,6,4,0,0,6.1,0.0,2026-04-06T04:56:33.018977+09:00
verify-retry-20260403214217,,2026-04-03T21:42:17.252216+09:00,21,金,今週後半、,55,47,4,0,0,0,8.51,0.0,2026-04-06T04:56:33.018977+09:00
post_20260403_2237_th_001,共感×具体アドバイス型,2026-04-04T00:06:30.590061+09:00,0,土,春になると,52,108,2,0,0,0,1.85,0.0,2026-04-06T04:56:33.018977+09:00
verify-retry-20260404104220,,2026-04-04T10:42:20.418637+09:00,10,土,今週後半、金運が急変する星座。,42,683,101,2,0,0,15.08,0.0,2026-04-06T04:56:33.018977+09:00
verify-retry-20260404151219,,2026-04-04T15:12:19.132633+09:00,15,土,明日から、恋愛に動きが出やすい星座。,37,50,2,5,0,0,14.0,0.0,2026-04-06T04:56:33.018977+09:00
verify-retry-20260404204215,,2026-04-04T20:42:15.806547+09:00,20,土,【今日の金運ランキングTOP3】,32,61,17,0,0,0,27.87,0.0,2026-04-06T04:56:33.018977+09:00
verify-retry-20260405071217,緊急生成_verify,2026-04-05T07:12:17.492387+09:00,7,日,今週後半、気をつけた方がいい星座。,21,106,6,0,0,0,5.66,0.0,2026-04-06T04:56:33.018977+09:00
post_20260405_1038_exp_001,構造G_注意喚起+限定型（今週の仕事運警告）,2026-04-05T10:42:17.920539+09:00,10,日,今週後半、仕事で判断ミスが起きやすい星座。,18,23,1,0,0,0,4.35,0.0,2026-04-06T04:56:33.018977+09:00
post_20260405_1505_exp_001,構造G_注意喚起+限定型（今週の仕事運警告）,2026-04-05T15:05:54.741486+09:00,15,日,今週後半、仕事で気をつけた方がいい星座。,13,27,6,0,0,0,22.22,0.0,2026-04-06T04:56:33.018977+09:00
post_20260405_1907_exp_006,構造F_告白・暴露型（占い師として正直に言います）,2026-04-05T19:07:54.374984+09:00,19,日,正直に言います。,9,174,7,0,0,0,4.02,0.0,2026-04-06T04:56:33.018977+09:00
post_20260405_2038_exp_001,構造G_注意喚起+限定型（今週の仕事運警告）,2026-04-05T20:42:17.525343+09:00,20,日,今週後半、仕事で判断ミスが起きやすい星座。,8,14,1,0,0,0,7.14,0.0,2026-04-06T04:56:33.018977+09:00
verify-retry-20260405214216,構造G_注意喚起+限定型,2026-04-05T21:42:16.865925+09:00,21,日,明日からの1週間、,7,687,67,1,0,0,9.9,14.5,2026-04-06T04:56:33.018977+09:00
post_20260403_1007_th_002,構造G_注意喚起+限定型②,2026-04-03T10:07:46.032397+09:00,10,金,今月後半、急に動く星座。,68,1515,145,5,0,0,9.9,0.0,2026-04-06T06:55:23.353120+09:00
verify-retry-20260403151220,,2026-04-03T15:12:20.298638+09:00,15,金,明日4月4日、,63,164,6,4,0,0,6.1,0.0,2026-04-06T06:55:23.353120+09:00
verify-retry-20260403214217,,2026-04-03T21:42:17.252216+09:00,21,金,今週後半、,57,47,4,0,0,0,8.51,0.0,2026-04-06T06:55:23.353120+09:00
post_20260403_2237_th_001,共感×具体アドバイス型,2026-04-04T00:06:30.590061+09:00,0,土,春になると,54,108,2,0,0,0,1.85,0.0,2026-04-06T06:55:23.353120+09:00
verify-retry-20260404104220,,2026-04-04T10:42:20.418637+09:00,10,土,今週後半、金運が急変する星座。,44,683,101,2,0,0,15.08,0.0,2026-04-06T06:55:23.353120+09:00
verify-retry-20260404151219,,2026-04-04T15:12:19.132633+09:00,15,土,明日から、恋愛に動きが出やすい星座。,39,50,2,5,0,0,14.0,0.0,2026-04-06T06:55:23.353120+09:00
verify-retry-20260404204215,,2026-04-04T20:42:15.806547+09:00,20,土,【今日の金運ランキングTOP3】,34,61,17,0,0,0,27.87,0.0,2026-04-06T06:55:23.353120+09:00
verify-retry-20260405071217,緊急生成_verify,2026-04-05T07:12:17.492387+09:00,7,日,今週後半、気をつけた方がいい星座。,23,106,6,0,0,0,5.66,0.0,2026-04-06T06:55:23.353120+09:00
post_20260405_1038_exp_001,構造G_注意喚起+限定型（今週の仕事運警告）,2026-04-05T10:42:17.920539+09:00,10,日,今週後半、仕事で判断ミスが起きやすい星座。,20,23,1,0,0,0,4.35,0.0,2026-04-06T06:55:23.353120+09:00
post_20260405_1505_exp_001,構造G_注意喚起+限定型（今週の仕事運警告）,2026-04-05T15:05:54.741486+09:00,15,日,今週後半、仕事で気をつけた方がいい星座。,15,27,6,0,0,0,22.22,0.0,2026-04-06T06:55:23.353120+09:00
post_20260405_1907_exp_006,構造F_告白・暴露型（占い師として正直に言います）,2026-04-05T19:07:54.374984+09:00,19,日,正直に言います。,11,174,7,0,0,0,4.02,0.0,2026-04-06T06:55:23.353120+09:00
post_20260405_2038_exp_001,構造G_注意喚起+限定型（今週の仕事運警告）,2026-04-05T20:42:17.525343+09:00,20,日,今週後半、仕事で判断ミスが起きやすい星座。,10,14,1,0,0,0,7.14,0.0,2026-04-06T06:55:23.353120+09:00
verify-retry-20260405214216,構造G_注意喚起+限定型,2026-04-05T21:42:16.865925+09:00,21,日,明日からの1週間、,9,742,74,1,0,0,10.11,27.5,2026-04-06T06:55:23.353120+09:00
post_20260403_1007_th_002,構造G_注意喚起+限定型②,2026-04-03T10:07:46.032397+09:00,10,金,今月後半、急に動く星座。,70,1515,145,5,0,0,9.9,0.0,2026-04-06T09:00:17.361122+09:00
verify-retry-20260403151220,,2026-04-03T15:12:20.298638+09:00,15,金,明日4月4日、,65,164,6,4,0,0,6.1,0.0,2026-04-06T09:00:17.361122+09:00
verify-retry-20260403214217,,2026-04-03T21:42:17.252216+09:00,21,金,今週後半、,59,47,4,0,0,0,8.51,0.0,2026-04-06T09:00:17.361122+09:00
post_20260403_2237_th_001,共感×具体アドバイス型,2026-04-04T00:06:30.590061+09:00,0,土,春になると,56,108,2,0,0,0,1.85,0.0,2026-04-06T09:00:17.361122+09:00
verify-retry-20260404104220,,2026-04-04T10:42:20.418637+09:00,10,土,今週後半、金運が急変する星座。,46,683,101,2,0,0,15.08,0.0,2026-04-06T09:00:17.361122+09:00
verify-retry-20260404151219,,2026-04-04T15:12:19.132633+09:00,15,土,明日から、恋愛に動きが出やすい星座。,41,51,2,5,0,0,13.73,0.5,2026-04-06T09:00:17.361122+09:00
verify-retry-20260404204215,,2026-04-04T20:42:15.806547+09:00,20,土,【今日の金運ランキングTOP3】,36,61,17,0,0,0,27.87,0.0,2026-04-06T09:00:17.361122+09:00
verify-retry-20260405071217,緊急生成_verify,2026-04-05T07:12:17.492387+09:00,7,日,今週後半、気をつけた方がいい星座。,25,106,6,0,0,0,5.66,0.0,2026-04-06T09:00:17.361122+09:00
post_20260405_1038_exp_001,構造G_注意喚起+限定型（今週の仕事運警告）,2026-04-05T10:42:17.920539+09:00,10,日,今週後半、仕事で判断ミスが起きやすい星座。,22,23,1,0,0,0,4.35,0.0,2026-04-06T09:00:17.361122+09:00
post_20260405_1505_exp_001,構造G_注意喚起+限定型（今週の仕事運警告）,2026-04-05T15:05:54.741486+09:00,15,日,今週後半、仕事で気をつけた方がいい星座。,17,27,7,0,0,0,25.93,0.0,2026-04-06T09:00:17.361122+09:00
post_20260405_1907_exp_006,構造F_告白・暴露型（占い師として正直に言います）,2026-04-05T19:07:54.374984+09:00,19,日,正直に言います。,13,174,7,0,0,0,4.02,0.0,2026-04-06T09:00:17.361122+09:00
post_20260405_2038_exp_001,構造G_注意喚起+限定型（今週の仕事運警告）,2026-04-05T20:42:17.525343+09:00,20,日,今週後半、仕事で判断ミスが起きやすい星座。,12,15,1,0,0,0,6.67,0.5,2026-04-06T09:00:17.361122+09:00
verify-retry-20260405214216,構造G_注意喚起+限定型,2026-04-05T21:42:16.865925+09:00,21,日,明日からの1週間、,11,852,91,6,0,0,11.38,55.0,2026-04-06T09:00:17.361122+09:00
verify-retry-20260403214217,,2026-04-03T21:42:17.252216+09:00,21,金,今週後半、,65,48,4,0,0,0,8.33,0.2,2026-04-06T15:21:47.985318+09:00
post_20260403_2237_th_001,共感×具体アドバイス型,2026-04-04T00:06:30.590061+09:00,0,土,春になると,63,109,2,0,0,0,1.83,0.1,2026-04-06T15:21:47.985318+09:00
verify-retry-20260404104220,,2026-04-04T10:42:20.418637+09:00,10,土,今週後半、金運が急変する星座。,52,684,101,2,0,0,15.06,0.2,2026-04-06T15:21:47.985318+09:00
verify-retry-20260404151219,,2026-04-04T15:12:19.132633+09:00,15,土,明日から、恋愛に動きが出やすい星座。,48,52,2,5,0,0,13.46,0.1,2026-04-06T15:21:47.985318+09:00
verify-retry-20260404204215,,2026-04-04T20:42:15.806547+09:00,20,土,【今日の金運ランキングTOP3】,42,63,17,0,0,0,26.98,0.3,2026-04-06T15:21:47.985318+09:00
verify-retry-20260405071217,緊急生成_verify,2026-04-05T07:12:17.492387+09:00,7,日,今週後半、気をつけた方がいい星座。,32,107,6,0,0,0,5.61,0.1,2026-04-06T15:21:47.985318+09:00
post_20260405_1505_exp_001,構造G_注意喚起+限定型（今週の仕事運警告）,2026-04-05T15:05:54.741486+09:00,15,日,今週後半、仕事で気をつけた方がいい星座。,24,29,7,0,0,0,24.14,0.3,2026-04-06T15:21:47.985318+09:00
post_20260405_1907_exp_006,構造F_告白・暴露型（占い師として正直に言います）,2026-04-05T19:07:54.374984+09:00,19,日,正直に言います。,20,175,7,0,0,0,4.0,0.1,2026-04-06T15:21:47.985318+09:00
post_20260405_2038_exp_001,構造G_注意喚起+限定型（今週の仕事運警告）,2026-04-05T20:42:17.525343+09:00,20,日,今週後半、仕事で判断ミスが起きやすい星座。,18,16,1,0,0,0,6.25,0.2,2026-04-06T15:21:47.985318+09:00
verify-retry-20260405214216,構造G_注意喚起+限定型,2026-04-05T21:42:16.865925+09:00,21,日,明日からの1週間、,17,1052,100,6,0,0,10.08,33.3,2026-04-06T15:21:47.985318+09:00
verify-retry-20260406121229,構造G_注意喚起+限定型,2026-04-06T12:12:29.410272+09:00,12,月,明日からの3日間、恋愛で急展開が起きやすい星座。,3,65,9,0,0,0,13.85,21.7,2026-04-06T15:21:47.985318+09:00
verify-retry-20260406151237,構造G_注意喚起+限定型,2026-04-06T15:12:37.341516+09:00,15,月,明日からの3日間、,0,0,1,0,0,0,0,0.0,2026-04-06T15:21:47.985318+09:00
verify-retry-20260403214217,,2026-04-03T21:42:17.252216+09:00,21,金,今週後半、,69,48,4,0,0,0,8.33,0.0,2026-04-06T19:37:56.020733+09:00
post_20260403_2237_th_001,共感×具体アドバイス型,2026-04-04T00:06:30.590061+09:00,0,土,春になると,67,109,2,0,0,0,1.83,0.0,2026-04-06T19:37:56.020733+09:00
verify-retry-20260404104220,,2026-04-04T10:42:20.418637+09:00,10,土,今週後半、金運が急変する星座。,56,685,101,2,0,0,15.04,0.2,2026-04-06T19:37:56.020733+09:00
verify-retry-20260404151219,,2026-04-04T15:12:19.132633+09:00,15,土,明日から、恋愛に動きが出やすい星座。,52,54,2,5,0,0,12.96,0.5,2026-04-06T19:37:56.020733+09:00
verify-retry-20260404204215,,2026-04-04T20:42:15.806547+09:00,20,土,【今日の金運ランキングTOP3】,46,66,17,0,0,0,25.76,0.8,2026-04-06T19:37:56.020733+09:00
verify-retry-20260405071217,緊急生成_verify,2026-04-05T07:12:17.492387+09:00,7,日,今週後半、気をつけた方がいい星座。,36,110,6,0,0,0,5.45,0.8,2026-04-06T19:37:56.020733+09:00
post_20260405_1505_exp_001,構造G_注意喚起+限定型（今週の仕事運警告）,2026-04-05T15:05:54.741486+09:00,15,日,今週後半、仕事で気をつけた方がいい星座。,28,33,7,0,0,0,21.21,1.0,2026-04-06T19:37:56.020733+09:00
post_20260405_1907_exp_006,構造F_告白・暴露型（占い師として正直に言います）,2026-04-05T19:07:54.374984+09:00,19,日,正直に言います。,24,178,7,0,0,0,3.93,0.8,2026-04-06T19:37:56.020733+09:00
post_20260405_2038_exp_001,構造G_注意喚起+限定型（今週の仕事運警告）,2026-04-05T20:42:17.525343+09:00,20,日,今週後半、仕事で判断ミスが起きやすい星座。,22,19,1,0,0,0,5.26,0.8,2026-04-06T19:37:56.020733+09:00
verify-retry-20260405214216,構造G_注意喚起+限定型,2026-04-05T21:42:16.865925+09:00,21,日,明日からの1週間、,21,1166,103,6,0,0,9.35,28.5,2026-04-06T19:37:56.020733+09:00
verify-retry-20260406121229,構造G_注意喚起+限定型,2026-04-06T12:12:29.410272+09:00,12,月,明日からの3日間、恋愛で急展開が起きやすい星座。,7,84,11,0,0,0,13.1,4.8,2026-04-06T19:37:56.020733+09:00
verify-retry-20260406151237,構造G_注意喚起+限定型,2026-04-06T15:12:37.341516+09:00,15,月,明日からの3日間、,4,186,5,0,0,0,2.69,46.5,2026-04-06T19:37:56.020733+09:00
post_20260403_2237_th_001,共感×具体アドバイス型,2026-04-04T00:06:30.590061+09:00,0,土,春になると,71,109,2,0,0,0,1.83,0.0,2026-04-06T23:34:03.866368+09:00
verify-retry-20260404104220,,2026-04-04T10:42:20.418637+09:00,10,土,今週後半、金運が急変する星座。,60,685,101,2,0,0,15.04,0.0,2026-04-06T23:34:03.866368+09:00
verify-retry-20260404151219,,2026-04-04T15:12:19.132633+09:00,15,土,明日から、恋愛に動きが出やすい星座。,56,54,2,5,0,0,12.96,0.0,2026-04-06T23:34:03.866368+09:00
verify-retry-20260404204215,,2026-04-04T20:42:15.806547+09:00,20,土,【今日の金運ランキングTOP3】,50,66,17,0,0,0,25.76,0.0,2026-04-06T23:34:03.866368+09:00
verify-retry-20260405071217,緊急生成_verify,2026-04-05T07:12:17.492387+09:00,7,日,今週後半、気をつけた方がいい星座。,40,110,6,0,0,0,5.45,0.0,2026-04-06T23:34:03.866368+09:00
post_20260405_1505_exp_001,構造G_注意喚起+限定型（今週の仕事運警告）,2026-04-05T15:05:54.741486+09:00,15,日,今週後半、仕事で気をつけた方がいい星座。,32,33,7,0,0,0,21.21,0.0,2026-04-06T23:34:03.866368+09:00
post_20260405_1907_exp_006,構造F_告白・暴露型（占い師として正直に言います）,2026-04-05T19:07:54.374984+09:00,19,日,正直に言います。,28,178,7,0,0,0,3.93,0.0,2026-04-06T23:34:03.866368+09:00
verify-retry-20260405214216,構造G_注意喚起+限定型,2026-04-05T21:42:16.865925+09:00,21,日,明日からの1週間、,25,1289,107,8,0,0,8.92,30.8,2026-04-06T23:34:03.866368+09:00
verify-retry-20260406121229,構造G_注意喚起+限定型,2026-04-06T12:12:29.410272+09:00,12,月,明日からの3日間、恋愛で急展開が起きやすい星座。,11,94,12,0,0,0,12.77,2.5,2026-04-06T23:34:03.866368+09:00
verify-retry-20260406151237,構造G_注意喚起+限定型,2026-04-06T15:12:37.341516+09:00,15,月,明日からの3日間、,8,202,5,0,0,0,2.48,4.0,2026-04-06T23:34:03.866368+09:00
verify-retry-20260406204221,構造G_注意喚起+限定型,2026-04-06T20:42:21.360801+09:00,20,月,明日からの3日間、,2,42,5,0,0,0,11.9,21.0,2026-04-06T23:34:03.866368+09:00
post_20260406_2139_exp_007,構造F_告白・暴露型②（実は〜という真actual真実を伝えます）,2026-04-06T21:42:15.561975+09:00,21,月,実は、今夜の星の配置を見ると,1,131,1,0,0,0,0.76,131.0,2026-04-06T23:34:03.866368+09:00
verify-retry-20260404104220,,2026-04-04T10:42:20.418637+09:00,10,土,今週後半、金運が急変する星座。,64,685,101,2,0,0,15.04,0.0,2026-04-07T03:08:07.100808+09:00
verify-retry-20260404151219,,2026-04-04T15:12:19.132633+09:00,15,土,明日から、恋愛に動きが出やすい星座。,59,54,2,5,0,0,12.96,0.0,2026-04-07T03:08:07.100808+09:00
verify-retry-20260404204215,,2026-04-04T20:42:15.806547+09:00,20,土,【今日の金運ランキングTOP3】,54,66,17,0,0,0,25.76,0.0,2026-04-07T03:08:07.100808+09:00
verify-retry-20260405071217,緊急生成_verify,2026-04-05T07:12:17.492387+09:00,7,日,今週後半、気をつけた方がいい星座。,43,110,6,0,0,0,5.45,0.0,2026-04-07T03:08:07.100808+09:00
post_20260405_1505_exp_001,構造G_注意喚起+限定型（今週の仕事運警告）,2026-04-05T15:05:54.741486+09:00,15,日,今週後半、仕事で気をつけた方がいい星座。,36,33,7,0,0,0,21.21,0.0,2026-04-07T03:08:07.100808+09:00
post_20260405_1907_exp_006,構造F_告白・暴露型（占い師として正直に言います）,2026-04-05T19:07:54.374984+09:00,19,日,正直に言います。,32,178,7,0,0,0,3.93,0.0,2026-04-07T03:08:07.100808+09:00
verify-retry-20260405214216,構造G_注意喚起+限定型,2026-04-05T21:42:16.865925+09:00,21,日,明日からの1週間、,29,1292,107,8,0,0,8.9,0.8,2026-04-07T03:08:07.100808+09:00
verify-retry-20260406121229,構造G_注意喚起+限定型,2026-04-06T12:12:29.410272+09:00,12,月,明日からの3日間、恋愛で急展開が起きやすい星座。,14,99,12,0,0,0,12.12,1.7,2026-04-07T03:08:07.100808+09:00
verify-retry-20260406151237,構造G_注意喚起+限定型,2026-04-06T15:12:37.341516+09:00,15,月,明日からの3日間、,11,207,5,0,0,0,2.42,1.7,2026-04-07T03:08:07.100808+09:00
verify-retry-20260406204221,構造G_注意喚起+限定型,2026-04-06T20:42:21.360801+09:00,20,月,明日からの3日間、,6,47,5,0,0,0,10.64,7.8,2026-04-07T03:08:07.100808+09:00
post_20260406_2139_exp_007,構造F_告白・暴露型②（実は〜という真actual真実を伝えます）,2026-04-06T21:42:15.561975+09:00,21,月,実は、今夜の星の配置を見ると,5,140,1,0,0,0,0.71,28.0,2026-04-07T03:08:07.100808+09:00
verify-retry-20260404104220,,2026-04-04T10:42:20.418637+09:00,10,土,今週後半、金運が急変する星座。,66,685,101,2,0,0,15.04,0.0,2026-04-07T05:08:18.422529+09:00
verify-retry-20260404151219,,2026-04-04T15:12:19.132633+09:00,15,土,明日から、恋愛に動きが出やすい星座。,61,54,2,5,0,0,12.96,0.0,2026-04-07T05:08:18.422529+09:00
verify-retry-20260404204215,,2026-04-04T20:42:15.806547+09:00,20,土,【今日の金運ランキングTOP3】,56,66,17,0,0,0,25.76,0.0,2026-04-07T05:08:18.422529+09:00
verify-retry-20260405071217,緊急生成_verify,2026-04-05T07:12:17.492387+09:00,7,日,今週後半、気をつけた方がいい星座。,45,110,6,0,0,0,5.45,0.0,2026-04-07T05:08:18.422529+09:00
post_20260405_1505_exp_001,構造G_注意喚起+限定型（今週の仕事運警告）,2026-04-05T15:05:54.741486+09:00,15,日,今週後半、仕事で気をつけた方がいい星座。,38,33,7,0,0,0,21.21,0.0,2026-04-07T05:08:18.422529+09:00
post_20260405_1907_exp_006,構造F_告白・暴露型（占い師として正直に言います）,2026-04-05T19:07:54.374984+09:00,19,日,正直に言います。,34,178,7,0,0,0,3.93,0.0,2026-04-07T05:08:18.422529+09:00
verify-retry-20260405214216,構造G_注意喚起+限定型,2026-04-05T21:42:16.865925+09:00,21,日,明日からの1週間、,31,1294,107,8,0,0,8.89,1.0,2026-04-07T05:08:18.422529+09:00
verify-retry-20260406121229,構造G_注意喚起+限定型,2026-04-06T12:12:29.410272+09:00,12,月,明日からの3日間、恋愛で急展開が起きやすい星座。,16,99,12,0,0,0,12.12,0.0,2026-04-07T05:08:18.422529+09:00
verify-retry-20260406151237,構造G_注意喚起+限定型,2026-04-06T15:12:37.341516+09:00,15,月,明日からの3日間、,13,207,5,0,0,0,2.42,0.0,2026-04-07T05:08:18.422529+09:00
verify-retry-20260406204221,構造G_注意喚起+限定型,2026-04-06T20:42:21.360801+09:00,20,月,明日からの3日間、,8,47,5,0,0,0,10.64,0.0,2026-04-07T05:08:18.422529+09:00
post_20260406_2139_exp_007,構造F_告白・暴露型②（実は〜という真actual真実を伝えます）,2026-04-06T21:42:15.561975+09:00,21,月,実は、今夜の星の配置を見ると,7,140,1,0,0,0,0.71,0.0,2026-04-07T05:08:18.422529+09:00
verify-retry-20260404104220,,2026-04-04T10:42:20.418637+09:00,10,土,今週後半、金運が急変する星座。,68,685,101,2,0,0,15.04,0.0,2026-04-07T07:02:34.420841+09:00
verify-retry-20260404151219,,2026-04-04T15:12:19.132633+09:00,15,土,明日から、恋愛に動きが出やすい星座。,63,54,2,5,0,0,12.96,0.0,2026-04-07T07:02:34.420841+09:00
verify-retry-20260404204215,,2026-04-04T20:42:15.806547+09:00,20,土,【今日の金運ランキングTOP3】,58,66,17,0,0,0,25.76,0.0,2026-04-07T07:02:34.420841+09:00
verify-retry-20260405071217,緊急生成_verify,2026-04-05T07:12:17.492387+09:00,7,日,今週後半、気をつけた方がいい星座。,47,110,6,0,0,0,5.45,0.0,2026-04-07T07:02:34.420841+09:00
post_20260405_1505_exp_001,構造G_注意喚起+限定型（今週の仕事運警告）,2026-04-05T15:05:54.741486+09:00,15,日,今週後半、仕事で気をつけた方がいい星座。,39,33,7,0,0,0,21.21,0.0,2026-04-07T07:02:34.420841+09:00
post_20260405_1907_exp_006,構造F_告白・暴露型（占い師として正直に言います）,2026-04-05T19:07:54.374984+09:00,19,日,正直に言います。,35,178,7,0,0,0,3.93,0.0,2026-04-07T07:02:34.420841+09:00
verify-retry-20260405214216,構造G_注意喚起+限定型,2026-04-05T21:42:16.865925+09:00,21,日,明日からの1週間、,33,1294,107,8,0,0,8.89,0.0,2026-04-07T07:02:34.420841+09:00
verify-retry-20260406121229,構造G_注意喚起+限定型,2026-04-06T12:12:29.410272+09:00,12,月,明日からの3日間、恋愛で急展開が起きやすい星座。,18,99,12,0,0,0,12.12,0.0,2026-04-07T07:02:34.420841+09:00
verify-retry-20260406151237,構造G_注意喚起+限定型,2026-04-06T15:12:37.341516+09:00,15,月,明日からの3日間、,15,207,5,0,0,0,2.42,0.0,2026-04-07T07:02:34.420841+09:00
verify-retry-20260406204221,構造G_注意喚起+限定型,2026-04-06T20:42:21.360801+09:00,20,月,明日からの3日間、,10,48,5,0,0,0,10.42,0.5,2026-04-07T07:02:34.420841+09:00
post_20260406_2139_exp_007,構造F_告白・暴露型②（実は〜という真actual真実を伝えます）,2026-04-06T21:42:15.561975+09:00,21,月,実は、今夜の星の配置を見ると,9,140,1,0,0,0,0.71,0.0,2026-04-07T07:02:34.420841+09:00
verify-retry-20260404104220,,2026-04-04T10:42:20.418637+09:00,10,土,今週後半、金運が急変する星座。,70,685,101,2,0,0,15.04,0.0,2026-04-07T09:02:20.020828+09:00
verify-retry-20260404151219,,2026-04-04T15:12:19.132633+09:00,15,土,明日から、恋愛に動きが出やすい星座。,65,55,2,5,0,0,12.73,0.5,2026-04-07T09:02:20.020828+09:00
verify-retry-20260404204215,,2026-04-04T20:42:15.806547+09:00,20,土,【今日の金運ランキングTOP3】,60,66,17,0,0,0,25.76,0.0,2026-04-07T09:02:20.020828+09:00
verify-retry-20260405071217,緊急生成_verify,2026-04-05T07:12:17.492387+09:00,7,日,今週後半、気をつけた方がいい星座。,49,110,6,0,0,0,5.45,0.0,2026-04-07T09:02:20.020828+09:00
post_20260405_1505_exp_001,構造G_注意喚起+限定型（今週の仕事運警告）,2026-04-05T15:05:54.741486+09:00,15,日,今週後半、仕事で気をつけた方がいい星座。,41,33,7,0,0,0,21.21,0.0,2026-04-07T09:02:20.020828+09:00
post_20260405_1907_exp_006,構造F_告白・暴露型（占い師として正直に言います）,2026-04-05T19:07:54.374984+09:00,19,日,正直に言います。,37,178,7,0,0,0,3.93,0.0,2026-04-07T09:02:20.020828+09:00
verify-retry-20260405214216,構造G_注意喚起+限定型,2026-04-05T21:42:16.865925+09:00,21,日,明日からの1週間、,35,1294,107,8,0,0,8.89,0.0,2026-04-07T09:02:20.020828+09:00
verify-retry-20260406121229,構造G_注意喚起+限定型,2026-04-06T12:12:29.410272+09:00,12,月,明日からの3日間、恋愛で急展開が起きやすい星座。,20,99,12,0,0,0,12.12,0.0,2026-04-07T09:02:20.020828+09:00
verify-retry-20260406151237,構造G_注意喚起+限定型,2026-04-06T15:12:37.341516+09:00,15,月,明日からの3日間、,17,207,5,0,0,0,2.42,0.0,2026-04-07T09:02:20.020828+09:00
verify-retry-20260406204221,構造G_注意喚起+限定型,2026-04-06T20:42:21.360801+09:00,20,月,明日からの3日間、,12,49,5,0,0,0,10.2,0.5,2026-04-07T09:02:20.020828+09:00
post_20260406_2139_exp_007,構造F_告白・暴露型②（実は〜という真actual真実を伝えます）,2026-04-06T21:42:15.561975+09:00,21,月,実は、今夜の星の配置を見ると,11,141,1,0,0,0,0.71,0.5,2026-04-07T09:02:20.020828+09:00
verify-retry-20260407071220,構造G_注意喚起+限定型,2026-04-07T07:12:20.743672+09:00,7,火,4月中盤、恋愛で ,1,112,19,2,0,0,18.75,112.0,2026-04-07T09:02:20.020828+09:00
verify-retry-20260404151219,,2026-04-04T15:12:19.132633+09:00,15,土,明日から、恋愛に動きが出やすい星座。,71,56,2,5,0,0,12.5,0.2,2026-04-07T15:07:43.375522+09:00
verify-retry-20260404204215,,2026-04-04T20:42:15.806547+09:00,20,土,【今日の金運ランキングTOP3】,66,67,17,0,0,0,25.37,0.2,2026-04-07T15:07:43.375522+09:00
verify-retry-20260405071217,緊急生成_verify,2026-04-05T07:12:17.492387+09:00,7,日,今週後半、気をつけた方がいい星座。,55,111,6,0,0,0,5.41,0.2,2026-04-07T15:07:43.375522+09:00
post_20260405_1505_exp_001,構造G_注意喚起+限定型（今週の仕事運警告）,2026-04-05T15:05:54.741486+09:00,15,日,今週後半、仕事で気をつけた方がいい星座。,48,34,7,0,0,0,20.59,0.1,2026-04-07T15:07:43.375522+09:00
post_20260405_1907_exp_006,構造F_告白・暴露型（占い師として正直に言います）,2026-04-05T19:07:54.374984+09:00,19,日,正直に言います。,43,179,7,0,0,0,3.91,0.2,2026-04-07T15:07:43.375522+09:00
verify-retry-20260405214216,構造G_注意喚起+限定型,2026-04-05T21:42:16.865925+09:00,21,日,明日からの1週間、,41,1297,107,8,0,0,8.87,0.5,2026-04-07T15:07:43.375522+09:00
verify-retry-20260406121229,構造G_注意喚起+限定型,2026-04-06T12:12:29.410272+09:00,12,月,明日からの3日間、恋愛で急展開が起きやすい星座。,26,101,12,0,0,0,11.88,0.3,2026-04-07T15:07:43.375522+09:00
verify-retry-20260406151237,構造G_注意喚起+限定型,2026-04-06T15:12:37.341516+09:00,15,月,明日からの3日間、,23,209,5,0,0,0,2.39,0.3,2026-04-07T15:07:43.375522+09:00
verify-retry-20260406204221,構造G_注意喚起+限定型,2026-04-06T20:42:21.360801+09:00,20,月,明日からの3日間、,18,52,5,0,0,0,9.62,0.5,2026-04-07T15:07:43.375522+09:00
post_20260406_2139_exp_007,構造F_告白・暴露型②（実は〜という真actual真実を伝えます）,2026-04-06T21:42:15.561975+09:00,21,月,実は、今夜の星の配置を見ると,17,144,1,0,0,0,0.69,0.5,2026-04-07T15:07:43.375522+09:00
verify-retry-20260407071220,構造G_注意喚起+限定型,2026-04-07T07:12:20.743672+09:00,7,火,4月中盤、恋愛で ,7,376,39,7,0,0,12.23,44.0,2026-04-07T15:07:43.375522+09:00
verify-retry-20260407104217,構造G_注意喚起+限定型,2026-04-07T10:42:17.381750+09:00,10,火,4月中旬、対人関係で,4,151,9,0,0,0,5.96,37.8,2026-04-07T15:07:43.375522+09:00
verify-retry-20260407121219,構造G_注意喚起+限定型,2026-04-07T12:12:19.474748+09:00,12,火,明日からの3日間、,2,150,8,0,0,0,5.33,75.0,2026-04-07T15:07:43.375522+09:00
post_20260407_1507_exp_007,構造F_告白・暴露型②（実は〜という真実を伝えます）,2026-04-07T15:07:10.164793+09:00,15,火,実は、4月後半に動く星座が3つあります。,0,0,0,0,0,0,0,0.0,2026-04-07T15:07:43.375522+09:00
verify-retry-20260404204215,,2026-04-04T20:42:15.806547+09:00,20,土,【今日の金運ランキングTOP3】,70,67,17,0,0,0,25.37,0.0,2026-04-07T19:16:46.263226+09:00
verify-retry-20260405071217,緊急生成_verify,2026-04-05T07:12:17.492387+09:00,7,日,今週後半、気をつけた方がいい星座。,60,111,6,0,0,0,5.41,0.0,2026-04-07T19:16:46.263226+09:00
post_20260405_1505_exp_001,構造G_注意喚起+限定型（今週の仕事運警告）,2026-04-05T15:05:54.741486+09:00,15,日,今週後半、仕事で気をつけた方がいい星座。,52,34,7,0,0,0,20.59,0.0,2026-04-07T19:16:46.263226+09:00
post_20260405_1907_exp_006,構造F_告白・暴露型（占い師として正直に言います）,2026-04-05T19:07:54.374984+09:00,19,日,正直に言います。,48,179,7,0,0,0,3.91,0.0,2026-04-07T19:16:46.263226+09:00
verify-retry-20260405214216,構造G_注意喚起+限定型,2026-04-05T21:42:16.865925+09:00,21,日,明日からの1週間、,45,1297,107,8,0,0,8.87,0.0,2026-04-07T19:16:46.263226+09:00
verify-retry-20260406121229,構造G_注意喚起+限定型,2026-04-06T12:12:29.410272+09:00,12,月,明日からの3日間、恋愛で急展開が起きやすい星座。,31,101,12,0,0,0,11.88,0.0,2026-04-07T19:16:46.263226+09:00
verify-retry-20260406151237,構造G_注意喚起+限定型,2026-04-06T15:12:37.341516+09:00,15,月,明日からの3日間、,28,210,5,0,0,0,2.38,0.2,2026-04-07T19:16:46.263226+09:00
verify-retry-20260406204221,構造G_注意喚起+限定型,2026-04-06T20:42:21.360801+09:00,20,月,明日からの3日間、,22,53,5,0,0,0,9.43,0.2,2026-04-07T19:16:46.263226+09:00
post_20260406_2139_exp_007,構造F_告白・暴露型②（実は〜という真actual真実を伝えます）,2026-04-06T21:42:15.561975+09:00,21,月,実は、今夜の星の配置を見ると,21,146,1,0,0,0,0.68,0.5,2026-04-07T19:16:46.263226+09:00
verify-retry-20260407071220,構造G_注意喚起+限定型,2026-04-07T07:12:20.743672+09:00,7,火,4月中盤、恋愛で ,12,470,46,7,0,0,11.28,18.8,2026-04-07T19:16:46.263226+09:00
verify-retry-20260407104217,構造G_注意喚起+限定型,2026-04-07T10:42:17.381750+09:00,10,火,4月中旬、対人関係で,8,166,9,0,0,0,5.42,3.8,2026-04-07T19:16:46.263226+09:00
verify-retry-20260407121219,構造G_注意喚起+限定型,2026-04-07T12:12:19.474748+09:00,12,火,明日からの3日間、,7,169,9,0,0,0,5.33,3.8,2026-04-07T19:16:46.263226+09:00
post_20260407_1854_exp_007,構造F_告白・暴露型②（実は〜という真実を伝えます）,2026-04-07T18:54:59.685845+09:00,18,火,実は、4月後半に,0,0,1,2,0,0,0,0.0,2026-04-07T19:16:46.263226+09:00
verify-retry-20260407191222,構造G_注意喚起+限定型,2026-04-07T19:12:22.416120+09:00,19,火,4月後半、金運が急落する星座。,0,0,2,0,0,0,0,0.0,2026-04-07T19:16:46.263226+09:00
verify-retry-20260405071217,緊急生成_verify,2026-04-05T07:12:17.492387+09:00,7,日,今週後半、気をつけた方がいい星座。,64,114,6,0,0,0,5.26,0.8,2026-04-07T23:56:51.940325+09:00
post_20260405_1505_exp_001,構造G_注意喚起+限定型（今週の仕事運警告）,2026-04-05T15:05:54.741486+09:00,15,日,今週後半、仕事で気をつけた方がいい星座。,56,37,7,0,0,0,18.92,0.8,2026-04-07T23:56:51.940325+09:00
post_20260405_1907_exp_006,構造F_告白・暴露型（占い師として正直に言います）,2026-04-05T19:07:54.374984+09:00,19,日,正直に言います。,52,182,7,0,0,0,3.85,0.8,2026-04-07T23:56:51.940325+09:00
verify-retry-20260405214216,構造G_注意喚起+限定型,2026-04-05T21:42:16.865925+09:00,21,日,明日からの1週間、,50,1301,107,8,0,0,8.84,0.8,2026-04-07T23:56:51.940325+09:00
verify-retry-20260406121229,構造G_注意喚起+限定型,2026-04-06T12:12:29.410272+09:00,12,月,明日からの3日間、恋愛で急展開が起きやすい星座。,35,106,12,0,0,0,11.32,1.2,2026-04-07T23:56:51.940325+09:00
verify-retry-20260406151237,構造G_注意喚起+限定型,2026-04-06T15:12:37.341516+09:00,15,月,明日からの3日間、,32,215,5,0,0,0,2.33,1.2,2026-04-07T23:56:51.940325+09:00
verify-retry-20260406204221,構造G_注意喚起+限定型,2026-04-06T20:42:21.360801+09:00,20,月,明日からの3日間、,27,59,5,0,0,0,8.47,1.2,2026-04-07T23:56:51.940325+09:00
post_20260406_2139_exp_007,構造F_告白・暴露型②（実は〜という真actual真実を伝えます）,2026-04-06T21:42:15.561975+09:00,21,月,実は、今夜の星の配置を見ると,26,154,1,0,0,0,0.65,1.6,2026-04-07T23:56:51.940325+09:00
verify-retry-20260407071220,構造G_注意喚起+限定型,2026-04-07T07:12:20.743672+09:00,7,火,4月中盤、恋愛で ,16,558,51,7,0,0,10.39,22.0,2026-04-07T23:56:51.940325+09:00
verify-retry-20260407104217,構造G_注意喚起+限定型,2026-04-07T10:42:17.381750+09:00,10,火,4月中旬、対人関係で,13,186,9,0,0,0,4.84,4.0,2026-04-07T23:56:51.940325+09:00
verify-retry-20260407121219,構造G_注意喚起+限定型,2026-04-07T12:12:19.474748+09:00,12,火,明日からの3日間、,11,185,9,0,0,0,4.86,4.0,2026-04-07T23:56:51.940325+09:00
post_20260407_1854_exp_007,構造F_告白・暴露型②（実は〜という真実を伝えます）,2026-04-07T18:54:59.685845+09:00,18,火,実は、4月後半に,5,116,3,2,0,0,4.31,23.2,2026-04-07T23:56:51.940325+09:00
verify-retry-20260407191222,構造G_注意喚起+限定型,2026-04-07T19:12:22.416120+09:00,19,火,4月後半、金運が急落する星座。,4,344,15,0,0,0,4.36,86.0,2026-04-07T23:56:51.940325+09:00
verify-retry-20260407204219,構造G_注意喚起+限定型,2026-04-07T20:42:19.278094+09:00,20,火,明日からの3日間、,3,280,21,0,0,0,7.5,93.3,2026-04-07T23:56:51.940325+09:00
verify-retry-20260407214220,構造G_注意喚起+限定型,2026-04-07T21:42:20.923458+09:00,21,火,明日からの5日間、,2,29,2,0,0,0,6.9,14.5,2026-04-07T23:56:51.940325+09:00
verify-retry-20260405071217,緊急生成_verify,2026-04-05T07:12:17.492387+09:00,7,日,今週後半、気をつけた方がいい星座。,68,114,6,0,0,0,5.26,0.0,2026-04-08T03:13:50.012849+09:00
post_20260405_1505_exp_001,構造G_注意喚起+限定型（今週の仕事運警告）,2026-04-05T15:05:54.741486+09:00,15,日,今週後半、仕事で気をつけた方がいい星座。,60,38,7,0,0,0,18.42,0.2,2026-04-08T03:13:50.012849+09:00
post_20260405_1907_exp_006,構造F_告白・暴露型（占い師として正直に言います）,2026-04-05T19:07:54.374984+09:00,19,日,正直に言います。,56,183,7,0,0,0,3.83,0.2,2026-04-08T03:13:50.012849+09:00
verify-retry-20260405214216,構造G_注意喚起+限定型,2026-04-05T21:42:16.865925+09:00,21,日,明日からの1週間、,53,1303,107,8,0,0,8.83,0.7,2026-04-08T03:13:50.012849+09:00
verify-retry-20260406121229,構造G_注意喚起+限定型,2026-04-06T12:12:29.410272+09:00,12,月,明日からの3日間、恋愛で急展開が起きやすい星座。,39,108,13,0,0,0,12.04,0.5,2026-04-08T03:13:50.012849+09:00
verify-retry-20260406151237,構造G_注意喚起+限定型,2026-04-06T15:12:37.341516+09:00,15,月,明日からの3日間、,36,217,5,0,0,0,2.3,0.5,2026-04-08T03:13:50.012849+09:00
verify-retry-20260406204221,構造G_注意喚起+限定型,2026-04-06T20:42:21.360801+09:00,20,月,明日からの3日間、,30,61,5,0,0,0,8.2,0.7,2026-04-08T03:13:50.012849+09:00
post_20260406_2139_exp_007,構造F_告白・暴露型②（実は〜という真actual真実を伝えます）,2026-04-06T21:42:15.561975+09:00,21,月,実は、今夜の星の配置を見ると,29,156,1,0,0,0,0.64,0.7,2026-04-08T03:13:50.012849+09:00
verify-retry-20260407071220,構造G_注意喚起+限定型,2026-04-07T07:12:20.743672+09:00,7,火,4月中盤、恋愛で ,20,585,51,7,0,0,9.91,6.8,2026-04-08T03:13:50.012849+09:00
verify-retry-20260407104217,構造G_注意喚起+限定型,2026-04-07T10:42:17.381750+09:00,10,火,4月中旬、対人関係で,16,191,9,0,0,0,4.71,1.7,2026-04-08T03:13:50.012849+09:00
verify-retry-20260407121219,構造G_注意喚起+限定型,2026-04-07T12:12:19.474748+09:00,12,火,明日からの3日間、,15,188,9,0,0,0,4.79,0.8,2026-04-08T03:13:50.012849+09:00
post_20260407_1854_exp_007,構造F_告白・暴露型②（実は〜という真実を伝えます）,2026-04-07T18:54:59.685845+09:00,18,火,実は、4月後半に,8,124,4,2,0,0,4.84,2.7,2026-04-08T03:13:50.012849+09:00
verify-retry-20260407191222,構造G_注意喚起+限定型,2026-04-07T19:12:22.416120+09:00,19,火,4月後半、金運が急落する星座。,8,354,15,0,0,0,4.24,2.5,2026-04-08T03:13:50.012849+09:00
verify-retry-20260407204219,構造G_注意喚起+限定型,2026-04-07T20:42:19.278094+09:00,20,火,明日からの3日間、,6,342,25,0,0,0,7.31,20.7,2026-04-08T03:13:50.012849+09:00
verify-retry-20260407214220,構造G_注意喚起+限定型,2026-04-07T21:42:20.923458+09:00,21,火,明日からの5日間、,5,35,2,0,0,0,5.71,2.0,2026-04-08T03:13:50.012849+09:00
verify-retry-20260405071217,緊急生成_verify,2026-04-05T07:12:17.492387+09:00,7,日,今週後半、気をつけた方がいい星座。,69,114,6,0,0,0,5.26,0.0,2026-04-08T05:08:25.552600+09:00
post_20260405_1505_exp_001,構造G_注意喚起+限定型（今週の仕事運警告）,2026-04-05T15:05:54.741486+09:00,15,日,今週後半、仕事で気をつけた方がいい星座。,62,38,7,0,0,0,18.42,0.0,2026-04-08T05:08:25.552600+09:00
post_20260405_1907_exp_006,構造F_告白・暴露型（占い師として正直に言います）,2026-04-05T19:07:54.374984+09:00,19,日,正直に言います。,58,183,7,0,0,0,3.83,0.0,2026-04-08T05:08:25.552600+09:00
verify-retry-20260405214216,構造G_注意喚起+限定型,2026-04-05T21:42:16.865925+09:00,21,日,明日からの1週間、,55,1303,107,8,0,0,8.83,0.0,2026-04-08T05:08:25.552600+09:00
verify-retry-20260406121229,構造G_注意喚起+限定型,2026-04-06T12:12:29.410272+09:00,12,月,明日からの3日間、恋愛で急展開が起きやすい星座。,40,108,13,0,0,0,12.04,0.0,2026-04-08T05:08:25.552600+09:00
verify-retry-20260406151237,構造G_注意喚起+限定型,2026-04-06T15:12:37.341516+09:00,15,月,明日からの3日間、,37,217,5,0,0,0,2.3,0.0,2026-04-08T05:08:25.552600+09:00
verify-retry-20260406204221,構造G_注意喚起+限定型,2026-04-06T20:42:21.360801+09:00,20,月,明日からの3日間、,32,61,5,0,0,0,8.2,0.0,2026-04-08T05:08:25.552600+09:00
post_20260406_2139_exp_007,構造F_告白・暴露型②（実は〜という真actual真実を伝えます）,2026-04-06T21:42:15.561975+09:00,21,月,実は、今夜の星の配置を見ると,31,156,1,0,0,0,0.64,0.0,2026-04-08T05:08:25.552600+09:00
verify-retry-20260407071220,構造G_注意喚起+限定型,2026-04-07T07:12:20.743672+09:00,7,火,4月中盤、恋愛で ,21,589,51,7,0,0,9.85,4.0,2026-04-08T05:08:25.552600+09:00
verify-retry-20260407104217,構造G_注意喚起+限定型,2026-04-07T10:42:17.381750+09:00,10,火,4月中旬、対人関係で,18,191,9,0,0,0,4.71,0.0,2026-04-08T05:08:25.552600+09:00
verify-retry-20260407121219,構造G_注意喚起+限定型,2026-04-07T12:12:19.474748+09:00,12,火,明日からの3日間、,16,188,9,0,0,0,4.79,0.0,2026-04-08T05:08:25.552600+09:00
post_20260407_1854_exp_007,構造F_告白・暴露型②（実は〜という真実を伝えます）,2026-04-07T18:54:59.685845+09:00,18,火,実は、4月後半に,10,124,4,2,0,0,4.84,0.0,2026-04-08T05:08:25.552600+09:00
verify-retry-20260407191222,構造G_注意喚起+限定型,2026-04-07T19:12:22.416120+09:00,19,火,4月後半、金運が急落する星座。,9,357,15,0,0,0,4.2,3.0,2026-04-08T05:08:25.552600+09:00
verify-retry-20260407204219,構造G_注意喚起+限定型,2026-04-07T20:42:19.278094+09:00,20,火,明日からの3日間、,8,349,25,0,0,0,7.16,3.5,2026-04-08T05:08:25.552600+09:00
verify-retry-20260407214220,構造G_注意喚起+限定型,2026-04-07T21:42:20.923458+09:00,21,火,明日からの5日間、,7,35,2,0,0,0,5.71,0.0,2026-04-08T05:08:25.552600+09:00
post_20260405_1505_exp_001,構造G_注意喚起+限定型（今週の仕事運警告）,2026-04-05T15:05:54.741486+09:00,15,日,今週後半、仕事で気をつけた方がいい星座。,64,39,7,0,0,0,17.95,0.5,2026-04-08T07:24:16.750102+09:00
post_20260405_1907_exp_006,構造F_告白・暴露型（占い師として正直に言います）,2026-04-05T19:07:54.374984+09:00,19,日,正直に言います。,60,184,7,0,0,0,3.8,0.5,2026-04-08T07:24:16.750102+09:00
verify-retry-20260405214216,構造G_注意喚起+限定型,2026-04-05T21:42:16.865925+09:00,21,日,明日からの1週間、,57,1304,107,8,0,0,8.82,0.5,2026-04-08T07:24:16.750102+09:00
verify-retry-20260406121229,構造G_注意喚起+限定型,2026-04-06T12:12:29.410272+09:00,12,月,明日からの3日間、恋愛で急展開が起きやすい星座。,43,109,13,0,0,0,11.93,0.3,2026-04-08T07:24:16.750102+09:00
verify-retry-20260406151237,構造G_注意喚起+限定型,2026-04-06T15:12:37.341516+09:00,15,月,明日からの3日間、,40,218,5,0,0,0,2.29,0.3,2026-04-08T07:24:16.750102+09:00
verify-retry-20260406204221,構造G_注意喚起+限定型,2026-04-06T20:42:21.360801+09:00,20,月,明日からの3日間、,34,62,5,0,0,0,8.06,0.5,2026-04-08T07:24:16.750102+09:00
post_20260406_2139_exp_007,構造F_告白・暴露型②（実は〜という真actual真実を伝えます）,2026-04-06T21:42:15.561975+09:00,21,月,実は、今夜の星の配置を見ると,33,157,1,0,0,0,0.64,0.5,2026-04-08T07:24:16.750102+09:00
verify-retry-20260407071220,構造G_注意喚起+限定型,2026-04-07T07:12:20.743672+09:00,7,火,4月中盤、恋愛で ,24,594,51,7,0,0,9.76,1.7,2026-04-08T07:24:16.750102+09:00
verify-retry-20260407104217,構造G_注意喚起+限定型,2026-04-07T10:42:17.381750+09:00,10,火,4月中旬、対人関係で,20,193,9,0,0,0,4.66,1.0,2026-04-08T07:24:16.750102+09:00
verify-retry-20260407121219,構造G_注意喚起+限定型,2026-04-07T12:12:19.474748+09:00,12,火,明日からの3日間、,19,191,9,0,0,0,4.71,1.0,2026-04-08T07:24:16.750102+09:00
post_20260407_1854_exp_007,構造F_告白・暴露型②（実は〜という真実を伝えます）,2026-04-07T18:54:59.685845+09:00,18,火,実は、4月後半に,12,129,4,2,0,0,4.65,2.5,2026-04-08T07:24:16.750102+09:00
verify-retry-20260407191222,構造G_注意喚起+限定型,2026-04-07T19:12:22.416120+09:00,19,火,4月後半、金運が急落する星座。,12,360,15,0,0,0,4.17,1.0,2026-04-08T07:24:16.750102+09:00
verify-retry-20260407204219,構造G_注意喚起+限定型,2026-04-07T20:42:19.278094+09:00,20,火,明日からの3日間、,10,375,26,0,0,0,6.93,13.0,2026-04-08T07:24:16.750102+09:00
verify-retry-20260407214220,構造G_注意喚起+限定型,2026-04-07T21:42:20.923458+09:00,21,火,明日からの5日間、,9,39,2,0,0,0,5.13,2.0,2026-04-08T07:24:16.750102+09:00
post_20260408_0708_exp_007,構造F_告白・暴露型②（実は〜という真実を伝えます）,2026-04-08T07:12:15.483666+09:00,7,水,実は、4月後半に向けて,0,0,1,0,0,0,0,0.0,2026-04-08T07:24:16.750102+09:00
post_20260405_1505_exp_001,構造G_注意喚起+限定型（今週の仕事運警告）,2026-04-05T15:05:54.741486+09:00,15,日,今週後半、仕事で気をつけた方がいい星座。,65,39,7,0,0,0,17.95,0.0,2026-04-08T09:05:30.668048+09:00
post_20260405_1907_exp_006,構造F_告白・暴露型（占い師として正直に言います）,2026-04-05T19:07:54.374984+09:00,19,日,正直に言います。,61,184,7,0,0,0,3.8,0.0,2026-04-08T09:05:30.668048+09:00
verify-retry-20260405214216,構造G_注意喚起+限定型,2026-04-05T21:42:16.865925+09:00,21,日,明日からの1週間、,59,1304,107,8,0,0,8.82,0.0,2026-04-08T09:05:30.668048+09:00
verify-retry-20260406121229,構造G_注意喚起+限定型,2026-04-06T12:12:29.410272+09:00,12,月,明日からの3日間、恋愛で急展開が起きやすい星座。,44,109,13,0,0,0,11.93,0.0,2026-04-08T09:05:30.668048+09:00
verify-retry-20260406151237,構造G_注意喚起+限定型,2026-04-06T15:12:37.341516+09:00,15,月,明日からの3日間、,41,218,5,0,0,0,2.29,0.0,2026-04-08T09:05:30.668048+09:00
verify-retry-20260406204221,構造G_注意喚起+限定型,2026-04-06T20:42:21.360801+09:00,20,月,明日からの3日間、,36,62,5,0,0,0,8.06,0.0,2026-04-08T09:05:30.668048+09:00
post_20260406_2139_exp_007,構造F_告白・暴露型②（実は〜という真actual真実を伝えます）,2026-04-06T21:42:15.561975+09:00,21,月,実は、今夜の星の配置を見ると,35,157,1,0,0,0,0.64,0.0,2026-04-08T09:05:30.668048+09:00
verify-retry-20260407071220,構造G_注意喚起+限定型,2026-04-07T07:12:20.743672+09:00,7,火,4月中盤、恋愛で ,25,596,51,7,0,0,9.73,2.0,2026-04-08T09:05:30.668048+09:00
verify-retry-20260407104217,構造G_注意喚起+限定型,2026-04-07T10:42:17.381750+09:00,10,火,4月中旬、対人関係で,22,195,9,0,0,0,4.62,1.0,2026-04-08T09:05:30.668048+09:00
verify-retry-20260407121219,構造G_注意喚起+限定型,2026-04-07T12:12:19.474748+09:00,12,火,明日からの3日間、,20,192,9,0,0,0,4.69,1.0,2026-04-08T09:05:30.668048+09:00
post_20260407_1854_exp_007,構造F_告白・暴露型②（実は〜という真実を伝えます）,2026-04-07T18:54:59.685845+09:00,18,火,実は、4月後半に,14,130,4,2,0,0,4.62,0.5,2026-04-08T09:05:30.668048+09:00
verify-retry-20260407191222,構造G_注意喚起+限定型,2026-04-07T19:12:22.416120+09:00,19,火,4月後半、金運が急落する星座。,13,361,15,0,0,0,4.16,1.0,2026-04-08T09:05:30.668048+09:00
verify-retry-20260407204219,構造G_注意喚起+限定型,2026-04-07T20:42:19.278094+09:00,20,火,明日からの3日間、,12,386,26,0,0,0,6.74,5.5,2026-04-08T09:05:30.668048+09:00
verify-retry-20260407214220,構造G_注意喚起+限定型,2026-04-07T21:42:20.923458+09:00,21,火,明日からの5日間、,11,39,2,0,0,0,5.13,0.0,2026-04-08T09:05:30.668048+09:00
post_20260408_0708_exp_007,構造F_告白・暴露型②（実は〜という真実を伝えます）,2026-04-08T07:12:15.483666+09:00,7,水,実は、4月後半に向けて,1,46,1,0,0,0,2.17,46.0,2026-04-08T09:05:30.668048+09:00
post_20260405_1907_exp_006,構造F_告白・暴露型（占い師として正直に言います）,2026-04-05T19:07:54.374984+09:00,19,日,正直に言います。,68,187,7,0,0,0,3.74,0.4,2026-04-08T15:09:30.350544+09:00
verify-retry-20260405214216,構造G_注意喚起+限定型,2026-04-05T21:42:16.865925+09:00,21,日,明日からの1週間、,65,1308,107,8,0,0,8.79,0.7,2026-04-08T15:09:30.350544+09:00
verify-retry-20260406121229,構造G_注意喚起+限定型,2026-04-06T12:12:29.410272+09:00,12,月,明日からの3日間、恋愛で急展開が起きやすい星座。,50,113,13,0,0,0,11.5,0.7,2026-04-08T15:09:30.350544+09:00
verify-retry-20260406151237,構造G_注意喚起+限定型,2026-04-06T15:12:37.341516+09:00,15,月,明日からの3日間、,47,222,5,0,0,0,2.25,0.7,2026-04-08T15:09:30.350544+09:00
verify-retry-20260406204221,構造G_注意喚起+限定型,2026-04-06T20:42:21.360801+09:00,20,月,明日からの3日間、,42,66,5,0,0,0,7.58,0.7,2026-04-08T15:09:30.350544+09:00
post_20260406_2139_exp_007,構造F_告白・暴露型②（実は〜という真actual真実を伝えます）,2026-04-06T21:42:15.561975+09:00,21,月,実は、今夜の星の配置を見ると,41,161,1,0,0,0,0.62,0.7,2026-04-08T15:09:30.350544+09:00
verify-retry-20260407071220,構造G_注意喚起+限定型,2026-04-07T07:12:20.743672+09:00,7,火,4月中盤、恋愛で ,31,602,51,7,0,0,9.63,1.0,2026-04-08T15:09:30.350544+09:00
verify-retry-20260407104217,構造G_注意喚起+限定型,2026-04-07T10:42:17.381750+09:00,10,火,4月中旬、対人関係で,28,199,9,0,0,0,4.52,0.7,2026-04-08T15:09:30.350544+09:00
verify-retry-20260407121219,構造G_注意喚起+限定型,2026-04-07T12:12:19.474748+09:00,12,火,明日からの3日間、,26,197,9,0,0,0,4.57,0.8,2026-04-08T15:09:30.350544+09:00
post_20260407_1854_exp_007,構造F_告白・暴露型②（実は〜という真実を伝えます）,2026-04-07T18:54:59.685845+09:00,18,火,実は、4月後半に,20,137,4,2,0,0,4.38,1.2,2026-04-08T15:09:30.350544+09:00
verify-retry-20260407191222,構造G_注意喚起+限定型,2026-04-07T19:12:22.416120+09:00,19,火,4月後半、金運が急落する星座。,19,376,15,0,0,0,3.99,2.5,2026-04-08T15:09:30.350544+09:00
verify-retry-20260407204219,構造G_注意喚起+限定型,2026-04-07T20:42:19.278094+09:00,20,火,明日からの3日間、,18,409,26,0,0,0,6.36,3.8,2026-04-08T15:09:30.350544+09:00
verify-retry-20260407214220,構造G_注意喚起+限定型,2026-04-07T21:42:20.923458+09:00,21,火,明日からの5日間、,17,52,2,0,0,0,3.85,2.2,2026-04-08T15:09:30.350544+09:00
post_20260408_0708_exp_007,構造F_告白・暴露型②（実は〜という真実を伝えます）,2026-04-08T07:12:15.483666+09:00,7,水,実は、4月後半に向けて,7,63,1,0,0,0,1.59,2.8,2026-04-08T15:09:30.350544+09:00
post_20260408_0900_exp_007,構造F_告白・暴露型②（実は〜という真実を伝えます）,2026-04-08T09:12:16.803325+09:00,9,水,実は、4月中旬までに,5,117,11,0,0,0,9.4,23.4,2026-04-08T15:09:30.350544+09:00
verify-retry-20260408104220,構造G_注意喚起+限定型,2026-04-08T10:42:20.768441+09:00,10,水,4月中旬、人間関係で,4,626,33,18,0,0,8.15,156.5,2026-04-08T15:09:30.350544+09:00
verify-retry-20260408121221,構造G_注意喚起+限定型,2026-04-08T12:12:21.267029+09:00,12,水,4月中旬以降、,2,190,18,11,0,0,15.26,95.0,2026-04-08T15:09:30.350544+09:00
verify-retry-20260405214216,構造G_注意喚起+限定型,2026-04-05T21:42:16.865925+09:00,21,日,明日からの1週間、,69,1309,107,8,0,0,8.79,0.2,2026-04-08T19:18:12.947117+09:00
verify-retry-20260406121229,構造G_注意喚起+限定型,2026-04-06T12:12:29.410272+09:00,12,月,明日からの3日間、恋愛で急展開が起きやすい星座。,55,114,14,1,0,0,13.16,0.2,2026-04-08T19:18:12.947117+09:00
verify-retry-20260406151237,構造G_注意喚起+限定型,2026-04-06T15:12:37.341516+09:00,15,月,明日からの3日間、,52,223,5,0,0,0,2.24,0.2,2026-04-08T19:18:12.947117+09:00
verify-retry-20260406204221,構造G_注意喚起+限定型,2026-04-06T20:42:21.360801+09:00,20,月,明日からの3日間、,46,68,5,0,0,0,7.35,0.5,2026-04-08T19:18:12.947117+09:00
post_20260406_2139_exp_007,構造F_告白・暴露型②（実は〜という真actual真実を伝えます）,2026-04-06T21:42:15.561975+09:00,21,月,実は、今夜の星の配置を見ると,45,162,1,0,0,0,0.62,0.2,2026-04-08T19:18:12.947117+09:00
verify-retry-20260407071220,構造G_注意喚起+限定型,2026-04-07T07:12:20.743672+09:00,7,火,4月中盤、恋愛で ,36,605,51,7,0,0,9.59,0.6,2026-04-08T19:18:12.947117+09:00
verify-retry-20260407104217,構造G_注意喚起+限定型,2026-04-07T10:42:17.381750+09:00,10,火,4月中旬、対人関係で,32,201,9,0,0,0,4.48,0.5,2026-04-08T19:18:12.947117+09:00
verify-retry-20260407121219,構造G_注意喚起+限定型,2026-04-07T12:12:19.474748+09:00,12,火,明日からの3日間、,31,200,9,0,0,0,4.5,0.6,2026-04-08T19:18:12.947117+09:00
post_20260407_1854_exp_007,構造F_告白・暴露型②（実は〜という真実を伝えます）,2026-04-07T18:54:59.685845+09:00,18,火,実は、4月後半に,24,142,4,2,0,0,4.23,1.2,2026-04-08T19:18:12.947117+09:00
verify-retry-20260407191222,構造G_注意喚起+限定型,2026-04-07T19:12:22.416120+09:00,19,火,4月後半、金運が急落する星座。,24,384,15,0,0,0,3.91,1.6,2026-04-08T19:18:12.947117+09:00
verify-retry-20260407204219,構造G_注意喚起+限定型,2026-04-07T20:42:19.278094+09:00,20,火,明日からの3日間、,22,426,27,2,0,0,6.81,4.2,2026-04-08T19:18:12.947117+09:00
verify-retry-20260407214220,構造G_注意喚起+限定型,2026-04-07T21:42:20.923458+09:00,21,火,明日からの5日間、,21,58,3,0,0,0,5.17,1.5,2026-04-08T19:18:12.947117+09:00
post_20260408_0708_exp_007,構造F_告白・暴露型②（実は〜という真実を伝えます）,2026-04-08T07:12:15.483666+09:00,7,水,実は、4月後半に向けて,12,73,3,0,0,0,4.11,2.0,2026-04-08T19:18:12.947117+09:00
post_20260408_0900_exp_007,構造F_告白・暴露型②（実は〜という真実を伝えます）,2026-04-08T09:12:16.803325+09:00,9,水,実は、4月中旬までに,10,135,12,0,0,0,8.89,3.6,2026-04-08T19:18:12.947117+09:00
verify-retry-20260408104220,構造G_注意喚起+限定型,2026-04-08T10:42:20.768441+09:00,10,水,4月中旬、人間関係で,8,1014,47,24,0,0,7.0,97.0,2026-04-08T19:18:12.947117+09:00
verify-retry-20260408121221,構造G_注意喚起+限定型,2026-04-08T12:12:21.267029+09:00,12,水,4月中旬以降、,7,255,22,13,0,0,13.73,13.0,2026-04-08T19:18:12.947117+09:00
verify-retry-20260408191220,構造G_注意喚起+限定型,2026-04-08T19:12:20.212786+09:00,19,水,4月中旬、仕事で大きな動きがある星座。,0,0,0,0,0,0,0,0.0,2026-04-08T19:18:12.947117+09:00
verify-retry-20260406121229,構造G_注意喚起+限定型,2026-04-06T12:12:29.410272+09:00,12,月,明日からの3日間、恋愛で急展開が起きやすい星座。,59,117,14,1,0,0,12.82,0.8,2026-04-08T23:58:15.336158+09:00
verify-retry-20260406151237,構造G_注意喚起+限定型,2026-04-06T15:12:37.341516+09:00,15,月,明日からの3日間、,56,225,5,0,0,0,2.22,0.5,2026-04-08T23:58:15.336158+09:00
verify-retry-20260406204221,構造G_注意喚起+限定型,2026-04-06T20:42:21.360801+09:00,20,月,明日からの3日間、,51,70,5,0,0,0,7.14,0.4,2026-04-08T23:58:15.336158+09:00
post_20260406_2139_exp_007,構造F_告白・暴露型②（実は〜という真actual真実を伝えます）,2026-04-06T21:42:15.561975+09:00,21,月,実は、今夜の星の配置を見ると,50,163,1,0,0,0,0.61,0.2,2026-04-08T23:58:15.336158+09:00
verify-retry-20260407071220,構造G_注意喚起+限定型,2026-04-07T07:12:20.743672+09:00,7,火,4月中盤、恋愛で ,40,609,51,7,0,0,9.52,1.0,2026-04-08T23:58:15.336158+09:00
verify-retry-20260407104217,構造G_注意喚起+限定型,2026-04-07T10:42:17.381750+09:00,10,火,4月中旬、対人関係で,37,205,9,0,0,0,4.39,0.8,2026-04-08T23:58:15.336158+09:00
verify-retry-20260407121219,構造G_注意喚起+限定型,2026-04-07T12:12:19.474748+09:00,12,火,明日からの3日間、,35,205,9,0,0,0,4.39,1.2,2026-04-08T23:58:15.336158+09:00
post_20260407_1854_exp_007,構造F_告白・暴露型②（実は〜という真実を伝えます）,2026-04-07T18:54:59.685845+09:00,18,火,実は、4月後半に,29,147,4,2,0,0,4.08,1.0,2026-04-08T23:58:15.336158+09:00
verify-retry-20260407191222,構造G_注意喚起+限定型,2026-04-07T19:12:22.416120+09:00,19,火,4月後半、金運が急落する星座。,28,388,15,0,0,0,3.87,1.0,2026-04-08T23:58:15.336158+09:00
verify-retry-20260407204219,構造G_注意喚起+限定型,2026-04-07T20:42:19.278094+09:00,20,火,明日からの3日間、,27,448,28,2,0,0,6.7,4.4,2026-04-08T23:58:15.336158+09:00
post_20260408_0708_exp_007,構造F_告白・暴露型②（実は〜という真実を伝えます）,2026-04-08T07:12:15.483666+09:00,7,水,実は、4月後半に向けて,16,79,3,0,0,0,3.8,1.5,2026-04-08T23:58:15.336158+09:00
post_20260408_0900_exp_007,構造F_告白・暴露型②（実は〜という真実を伝えます）,2026-04-08T09:12:16.803325+09:00,9,水,実は、4月中旬までに,14,146,12,0,0,0,8.22,2.8,2026-04-08T23:58:15.336158+09:00
verify-retry-20260408104220,構造G_注意喚起+限定型,2026-04-08T10:42:20.768441+09:00,10,水,4月中旬、人間関係で,13,1415,63,42,0,0,7.42,80.2,2026-04-08T23:58:15.336158+09:00
verify-retry-20260408121221,構造G_注意喚起+限定型,2026-04-08T12:12:21.267029+09:00,12,水,4月中旬以降、,11,279,24,15,0,0,13.98,6.0,2026-04-08T23:58:15.336158+09:00
verify-retry-20260408191220,構造G_注意喚起+限定型,2026-04-08T19:12:20.212786+09:00,19,水,4月中旬、仕事で大きな動きがある星座。,4,22,4,4,0,0,36.36,5.5,2026-04-08T23:58:15.336158+09:00
verify-retry-20260406121229,構造G_注意喚起+限定型,2026-04-06T12:12:29.410272+09:00,12,月,明日からの3日間、恋愛で急展開が起きやすい星座。,64,118,14,1,0,0,12.71,0.2,2026-04-09T04:48:20.401768+09:00
verify-retry-20260406151237,構造G_注意喚起+限定型,2026-04-06T15:12:37.341516+09:00,15,月,明日からの3日間、,61,228,5,0,0,0,2.19,0.6,2026-04-09T04:48:20.401768+09:00
verify-retry-20260406204221,構造G_注意喚起+限定型,2026-04-06T20:42:21.360801+09:00,20,月,明日からの3日間、,56,73,5,0,0,0,6.85,0.6,2026-04-09T04:48:20.401768+09:00
post_20260406_2139_exp_007,構造F_告白・暴露型②（実は〜という真actual真実を伝えます）,2026-04-06T21:42:15.561975+09:00,21,月,実は、今夜の星の配置を見ると,55,167,1,0,0,0,0.6,0.8,2026-04-09T04:48:20.401768+09:00
verify-retry-20260407071220,構造G_注意喚起+限定型,2026-04-07T07:12:20.743672+09:00,7,火,4月中盤、恋愛で ,45,612,51,7,0,0,9.48,0.6,2026-04-09T04:48:20.401768+09:00
verify-retry-20260407104217,構造G_注意喚起+限定型,2026-04-07T10:42:17.381750+09:00,10,火,4月中旬、対人関係で,42,208,9,0,0,0,4.33,0.6,2026-04-09T04:48:20.401768+09:00
verify-retry-20260407121219,構造G_注意喚起+限定型,2026-04-07T12:12:19.474748+09:00,12,火,明日からの3日間、,40,208,9,0,0,0,4.33,0.6,2026-04-09T04:48:20.401768+09:00
post_20260407_1854_exp_007,構造F_告白・暴露型②（実は〜という真実を伝えます）,2026-04-07T18:54:59.685845+09:00,18,火,実は、4月後半に,33,151,4,2,0,0,3.97,1.0,2026-04-09T04:48:20.401768+09:00
verify-retry-20260407191222,構造G_注意喚起+限定型,2026-04-07T19:12:22.416120+09:00,19,火,4月後半、金運が急落する星座。,33,391,15,0,0,0,3.84,0.6,2026-04-09T04:48:20.401768+09:00
verify-retry-20260407204219,構造G_注意喚起+限定型,2026-04-07T20:42:19.278094+09:00,20,火,明日からの3日間、,32,455,28,2,0,0,6.59,1.4,2026-04-09T04:48:20.401768+09:00
post_20260408_0708_exp_007,構造F_告白・暴露型②（実は〜という真実を伝えます）,2026-04-08T07:12:15.483666+09:00,7,水,実は、4月後半に向けて,21,84,3,0,0,0,3.57,1.0,2026-04-09T04:48:20.401768+09:00
post_20260408_0900_exp_007,構造F_告白・暴露型②（実は〜という真実を伝えます）,2026-04-08T09:12:16.803325+09:00,9,水,実は、4月中旬までに,19,151,12,0,0,0,7.95,1.0,2026-04-09T04:48:20.401768+09:00
verify-retry-20260408104220,構造G_注意喚起+限定型,2026-04-08T10:42:20.768441+09:00,10,水,4月中旬、人間関係で,18,1581,71,46,0,0,7.4,33.2,2026-04-09T04:48:20.401768+09:00
verify-retry-20260408121221,構造G_注意喚起+限定型,2026-04-08T12:12:21.267029+09:00,12,水,4月中旬以降、,16,297,26,15,0,0,13.8,3.6,2026-04-09T04:48:20.401768+09:00
verify-retry-20260408191220,構造G_注意喚起+限定型,2026-04-08T19:12:20.212786+09:00,19,水,4月中旬、仕事で大きな動きがある星座。,9,30,4,4,0,0,26.67,1.6,2026-04-09T04:48:20.401768+09:00
verify-retry-20260406121229,構造G_注意喚起+限定型,2026-04-06T12:12:29.410272+09:00,12,月,明日からの3日間、恋愛で急展開が起きやすい星座。,67,118,14,1,0,0,12.71,0.0,2026-04-09T07:26:07.043118+09:00
verify-retry-20260406151237,構造G_注意喚起+限定型,2026-04-06T15:12:37.341516+09:00,15,月,明日からの3日間、,64,228,5,0,0,0,2.19,0.0,2026-04-09T07:26:07.043118+09:00
verify-retry-20260406204221,構造G_注意喚起+限定型,2026-04-06T20:42:21.360801+09:00,20,月,明日からの3日間、,58,73,5,0,0,0,6.85,0.0,2026-04-09T07:26:07.043118+09:00
post_20260406_2139_exp_007,構造F_告白・暴露型②（実は〜という真actual真実を伝えます）,2026-04-06T21:42:15.561975+09:00,21,月,実は、今夜の星の配置を見ると,57,167,1,0,0,0,0.6,0.0,2026-04-09T07:26:07.043118+09:00
verify-retry-20260407071220,構造G_注意喚起+限定型,2026-04-07T07:12:20.743672+09:00,7,火,4月中盤、恋愛で ,48,613,51,7,0,0,9.46,0.3,2026-04-09T07:26:07.043118+09:00
verify-retry-20260407104217,構造G_注意喚起+限定型,2026-04-07T10:42:17.381750+09:00,10,火,4月中旬、対人関係で,44,209,9,0,0,0,4.31,0.5,2026-04-09T07:26:07.043118+09:00
verify-retry-20260407121219,構造G_注意喚起+限定型,2026-04-07T12:12:19.474748+09:00,12,火,明日からの3日間、,43,209,9,0,0,0,4.31,0.3,2026-04-09T07:26:07.043118+09:00
post_20260407_1854_exp_007,構造F_告白・暴露型②（実は〜という真実を伝えます）,2026-04-07T18:54:59.685845+09:00,18,火,実は、4月後半に,36,152,4,2,0,0,3.95,0.3,2026-04-09T07:26:07.043118+09:00
verify-retry-20260407191222,構造G_注意喚起+限定型,2026-04-07T19:12:22.416120+09:00,19,火,4月後半、金運が急落する星座。,36,392,15,0,0,0,3.83,0.3,2026-04-09T07:26:07.043118+09:00
verify-retry-20260407204219,構造G_注意喚起+限定型,2026-04-07T20:42:19.278094+09:00,20,火,明日からの3日間、,34,457,28,2,0,0,6.56,1.0,2026-04-09T07:26:07.043118+09:00
post_20260408_0708_exp_007,構造F_告白・暴露型②（実は〜という真実を伝えます）,2026-04-08T07:12:15.483666+09:00,7,水,実は、4月後半に向けて,24,86,3,0,0,0,3.49,0.7,2026-04-09T07:26:07.043118+09:00
post_20260408_0900_exp_007,構造F_告白・暴露型②（実は〜という真実を伝えます）,2026-04-08T09:12:16.803325+09:00,9,水,実は、4月中旬までに,22,153,12,0,0,0,7.84,0.7,2026-04-09T07:26:07.043118+09:00
verify-retry-20260408104220,構造G_注意喚起+限定型,2026-04-08T10:42:20.768441+09:00,10,水,4月中旬、人間関係で,20,1640,76,52,0,0,7.8,29.5,2026-04-09T07:26:07.043118+09:00
verify-retry-20260408121221,構造G_注意喚起+限定型,2026-04-08T12:12:21.267029+09:00,12,水,4月中旬以降、,19,303,26,15,0,0,13.53,2.0,2026-04-09T07:26:07.043118+09:00
verify-retry-20260408191220,構造G_注意喚起+限定型,2026-04-08T19:12:20.212786+09:00,19,水,4月中旬、仕事で大きな動きがある星座。,12,33,4,4,0,0,24.24,1.0,2026-04-09T07:26:07.043118+09:00
verify-retry-20260409071218,構造G_注意喚起+限定型,2026-04-09T07:12:18.415086+09:00,7,木,今週後半、恋愛で勘違いが生まれやすい星座。,0,0,0,0,0,0,0,0.0,2026-04-09T07:26:07.043118+09:00
verify-retry-20260406121229,構造G_注意喚起+限定型,2026-04-06T12:12:29.410272+09:00,12,月,明日からの3日間、恋愛で急展開が起きやすい星座。,68,118,14,1,0,0,12.71,0.0,2026-04-09T09:01:21.678359+09:00
verify-retry-20260406151237,構造G_注意喚起+限定型,2026-04-06T15:12:37.341516+09:00,15,月,明日からの3日間、,65,228,5,0,0,0,2.19,0.0,2026-04-09T09:01:21.678359+09:00
verify-retry-20260406204221,構造G_注意喚起+限定型,2026-04-06T20:42:21.360801+09:00,20,月,明日からの3日間、,60,73,5,0,0,0,6.85,0.0,2026-04-09T09:01:21.678359+09:00
post_20260406_2139_exp_007,構造F_告白・暴露型②（実は〜という真actual真実を伝えます）,2026-04-06T21:42:15.561975+09:00,21,月,実は、今夜の星の配置を見ると,59,167,1,0,0,0,0.6,0.0,2026-04-09T09:01:21.678359+09:00
verify-retry-20260407071220,構造G_注意喚起+限定型,2026-04-07T07:12:20.743672+09:00,7,火,4月中盤、恋愛で ,49,613,51,7,0,0,9.46,0.0,2026-04-09T09:01:21.678359+09:00
verify-retry-20260407104217,構造G_注意喚起+限定型,2026-04-07T10:42:17.381750+09:00,10,火,4月中旬、対人関係で,46,209,9,0,0,0,4.31,0.0,2026-04-09T09:01:21.678359+09:00
verify-retry-20260407121219,構造G_注意喚起+限定型,2026-04-07T12:12:19.474748+09:00,12,火,明日からの3日間、,44,209,9,0,0,0,4.31,0.0,2026-04-09T09:01:21.678359+09:00
post_20260407_1854_exp_007,構造F_告白・暴露型②（実は〜という真実を伝えます）,2026-04-07T18:54:59.685845+09:00,18,火,実は、4月後半に,38,152,4,2,0,0,3.95,0.0,2026-04-09T09:01:21.678359+09:00
verify-retry-20260407191222,構造G_注意喚起+限定型,2026-04-07T19:12:22.416120+09:00,19,火,4月後半、金運が急落する星座。,37,392,15,0,0,0,3.83,0.0,2026-04-09T09:01:21.678359+09:00
verify-retry-20260407204219,構造G_注意喚起+限定型,2026-04-07T20:42:19.278094+09:00,20,火,明日からの3日間、,36,458,28,2,0,0,6.55,0.5,2026-04-09T09:01:21.678359+09:00
post_20260408_0900_exp_007,構造F_告白・暴露型②（実は〜という真実を伝えます）,2026-04-08T09:12:16.803325+09:00,9,水,実は、4月中旬までに,23,156,12,0,0,0,7.69,3.0,2026-04-09T09:01:21.678359+09:00
verify-retry-20260408104220,構造G_注意喚起+限定型,2026-04-08T10:42:20.768441+09:00,10,水,4月中旬、人間関係で,22,1679,76,52,0,0,7.62,19.5,2026-04-09T09:01:21.678359+09:00
verify-retry-20260408121221,構造G_注意喚起+限定型,2026-04-08T12:12:21.267029+09:00,12,水,4月中旬以降、,20,309,26,15,0,0,13.27,6.0,2026-04-09T09:01:21.678359+09:00
verify-retry-20260408191220,構造G_注意喚起+限定型,2026-04-08T19:12:20.212786+09:00,19,水,4月中旬、仕事で大きな動きがある星座。,13,35,4,4,0,0,22.86,2.0,2026-04-09T09:01:21.678359+09:00
verify-retry-20260409071218,構造G_注意喚起+限定型,2026-04-09T07:12:18.415086+09:00,7,木,今週後半、恋愛で勘違いが生まれやすい星座。,1,49,0,0,0,0,0.0,49.0,2026-04-09T09:01:21.678359+09:00
